doctor_id,doctor_gender,doctor_specialization,patient_gender,appointment_date,start_time,end_time,status,created_at,updated_at
3,Female,Neurologist,Female,2021-07-12,02:37:37,14:02:06,SCHEDULED,2025-01-10,2025-01-16
1,Female,Neurologist,Male,2021-03-12,14:21:44,21:41:27,COMPLETED,2025-01-16,2025-01-15
5,Female,Dermatologist,Female,2023-08-30,10:29:52,21:35:37,COMPLETED,2025-01-12,2025-01-13
5,Female,Dermatologist,Male,2023-08-28,06:59:57,12:13:50,SCHEDULED,2025-01-17,2025-01-04
2,Female,Neurologist,Male,2025-01-01,11:25:02,17:04:29,CANCELLED,2025-01-09,2025-01-14
2,Female,Neurologist,Male,2023-10-26,03:41:11,05:52:03,COMPLETED,2025-01-25,2025-01-10
4,Male,Cardiologist,Male,2020-03-07,01:32:19,14:50:40,SCHEDULED,2025-01-13,2025-01-14
2,Female,Neurologist,Female,2021-08-20,04:12:07,22:42:22,CANCELLED,2025-01-24,2025-01-26
5,Female,Dermatologist,Male,2023-03-12,12:40:22,20:42:27,SCHEDULED,2025-01-04,2025-01-20
4,Male,Cardiologist,Male,2020-08-13,06:07:59,15:57:40,SCHEDULED,2025-01-05,2025-01-20
2,Female,Neurologist,Female,2023-09-02,02:33:08,21:39:34,COMPLETED,2025-01-07,2025-01-13
2,Female,Neurologist,Female,2022-10-25,02:01:34,08:27:02,SCHEDULED,2025-01-16,2025-01-05
5,Female,Dermatologist,Female,2024-03-14,07:58:51,23:07:48,COMPLETED,2025-01-11,2025-01-23
5,Female,Dermatologist,Male,2024-09-14,09:44:56,12:02:09,CANCELLED,2025-01-02,2025-01-04
4,Male,Cardiologist,Female,2020-03-17,00:31:57,23:05:17,CANCELLED,2025-01-12,2025-01-26
5,Female,Dermatologist,Female,2023-11-22,04:07:30,21:34:53,SCHEDULED,2025-01-06,2025-01-22
5,Female,Dermatologist,Male,2022-09-28,00:58:43,02:22:45,SCHEDULED,2025-01-17,2025-01-15
1,Female,Neurologist,Female,2024-05-23,08:15:30,08:42:42,CANCELLED,2025-01-21,2025-01-25
4,Male,Cardiologist,Male,2021-12-01,00:02:17,22:16:23,SCHEDULED,2025-01-01,2025-01-20
3,Female,Neurologist,Female,2024-10-04,05:31:06,15:43:09,SCHEDULED,2025-01-24,2025-01-09
2,Female,Neurologist,Female,2022-07-20,14:46:04,16:38:32,SCHEDULED,2025-01-07,2025-01-04
2,Female,Neurologist,Female,2023-09-14,00:47:49,08:32:42,SCHEDULED,2025-01-04,2025-01-14
3,Female,Neurologist,Male,2021-07-24,15:41:31,16:13:29,CANCELLED,2025-01-03,2025-01-16
4,Male,Cardiologist,Male,2022-03-22,09:36:15,19:58:22,SCHEDULED,2025-01-10,2025-01-20
2,Female,Neurologist,Female,2021-09-17,05:31:06,20:29:29,SCHEDULED,2025-01-04,2025-01-24
1,Female,Neurologist,Female,2020-01-16,04:47:11,13:18:48,SCHEDULED,2025-01-08,2025-01-22
3,Female,Neurologist,Male,2024-06-05,12:05:05,17:35:52,COMPLETED,2025-01-10,2025-01-03
1,Female,Neurologist,Female,2024-07-15,00:59:43,03:53:27,SCHEDULED,2025-01-19,2025-01-10
2,Female,Neurologist,Female,2024-05-12,02:46:02,18:10:56,CANCELLED,2025-01-25,2025-01-14
5,Female,Dermatologist,Male,2024-11-12,02:47:29,16:23:53,SCHEDULED,2025-01-22,2025-01-12
5,Female,Dermatologist,Female,2023-10-19,08:50:47,12:04:52,COMPLETED,2025-01-09,2025-01-20
4,Male,Cardiologist,Male,2022-09-06,18:22:13,20:07:32,COMPLETED,2025-01-01,2025-01-03
5,Female,Dermatologist,Male,2020-10-15,01:52:29,15:40:34,SCHEDULED,2025-01-03,2025-01-01
3,Female,Neurologist,Male,2024-01-24,09:11:03,10:59:15,COMPLETED,2025-01-12,2025-01-16
2,Female,Neurologist,Female,2022-05-10,04:17:21,18:54:46,COMPLETED,2025-01-26,2025-01-26
3,Female,Neurologist,Female,2023-12-28,04:50:32,05:35:34,COMPLETED,2025-01-20,2025-01-18
2,Female,Neurologist,Female,2020-06-30,03:04:05,03:15:26,SCHEDULED,2025-01-24,2025-01-26
3,Female,Neurologist,Male,2022-04-28,06:43:40,15:14:21,CANCELLED,2025-01-23,2025-01-04
4,Male,Cardiologist,Female,2023-06-22,00:38:36,02:39:59,COMPLETED,2025-01-25,2025-01-02
2,Female,Neurologist,Male,2023-12-22,01:50:17,10:18:23,SCHEDULED,2025-01-16,2025-01-17
3,Female,Neurologist,Male,2023-06-15,21:04:23,21:31:40,CANCELLED,2025-01-24,2025-01-08
2,Female,Neurologist,Female,2024-11-12,03:20:47,14:07:16,COMPLETED,2025-01-15,2025-01-14
5,Female,Dermatologist,Female,2022-10-05,04:12:04,09:52:10,COMPLETED,2025-01-24,2025-01-13
5,Female,Dermatologist,Female,2021-08-23,06:04:25,20:46:57,CANCELLED,2025-01-15,2025-01-19
3,Female,Neurologist,Female,2022-08-20,04:57:26,10:49:36,COMPLETED,2025-01-23,2025-01-23
2,Female,Neurologist,Female,2021-06-26,01:24:51,16:55:06,CANCELLED,2025-01-03,2025-01-20
5,Female,Dermatologist,Female,2020-07-19,01:34:05,16:19:58,COMPLETED,2025-01-07,2025-01-03
3,Female,Neurologist,Male,2024-10-14,12:28:35,14:50:31,CANCELLED,2025-01-11,2025-01-01
1,Female,Neurologist,Female,2022-03-03,10:49:31,15:28:37,SCHEDULED,2025-01-20,2025-01-14
4,Male,Cardiologist,Female,2023-01-11,09:12:29,11:56:07,SCHEDULED,2025-01-05,2025-01-10
2,Female,Neurologist,Female,2021-02-09,10:55:49,20:46:35,CANCELLED,2025-01-25,2025-01-10
2,Female,Neurologist,Male,2021-04-09,06:23:00,08:26:01,SCHEDULED,2025-01-13,2025-01-20
1,Female,Neurologist,Male,2024-11-12,09:13:48,14:12:08,CANCELLED,2025-01-24,2025-01-19
1,Female,Neurologist,Male,2020-11-02,08:00:06,18:01:49,SCHEDULED,2025-01-08,2025-01-19
5,Female,Dermatologist,Male,2020-02-14,02:05:20,12:37:40,CANCELLED,2025-01-20,2025-01-02
3,Female,Neurologist,Male,2023-12-21,08:08:45,17:51:59,CANCELLED,2025-01-08,2025-01-21
4,Male,Cardiologist,Male,2021-06-13,07:54:36,16:36:39,COMPLETED,2025-01-22,2025-01-11
2,Female,Neurologist,Male,2021-01-12,01:16:53,19:04:34,CANCELLED,2025-01-13,2025-01-23
3,Female,Neurologist,Female,2020-07-24,09:36:52,22:34:06,COMPLETED,2025-01-13,2025-01-10
4,Male,Cardiologist,Female,2022-03-25,02:22:50,22:16:06,COMPLETED,2025-01-14,2025-01-05
5,Female,Dermatologist,Female,2021-11-14,03:21:55,13:47:19,CANCELLED,2025-01-20,2025-01-26
4,Male,Cardiologist,Female,2024-06-08,03:16:52,19:00:49,SCHEDULED,2025-01-16,2025-01-14
3,Female,Neurologist,Female,2023-09-25,13:02:51,17:32:29,SCHEDULED,2025-01-16,2025-01-15
1,Female,Neurologist,Male,2021-06-12,04:39:39,15:33:55,CANCELLED,2025-01-03,2025-01-15
1,Female,Neurologist,Female,2024-12-18,09:07:14,12:32:11,SCHEDULED,2025-01-18,2025-01-21
5,Female,Dermatologist,Male,2023-11-04,07:07:19,22:33:28,SCHEDULED,2025-01-21,2025-01-17
4,Male,Cardiologist,Female,2023-11-16,05:41:57,11:26:24,COMPLETED,2025-01-15,2025-01-01
5,Female,Dermatologist,Female,2023-07-24,08:12:59,10:41:55,COMPLETED,2025-01-20,2025-01-16
5,Female,Dermatologist,Female,2023-09-30,01:54:05,06:18:26,SCHEDULED,2025-01-02,2025-01-12
5,Female,Dermatologist,Male,2021-05-28,03:31:47,23:03:21,COMPLETED,2025-01-10,2025-01-09
4,Male,Cardiologist,Male,2021-12-07,08:10:16,15:25:43,COMPLETED,2025-01-05,2025-01-06
5,Female,Dermatologist,Male,2021-05-06,17:33:19,21:43:46,COMPLETED,2025-01-09,2025-01-12
2,Female,Neurologist,Female,2023-03-02,05:46:23,16:39:13,CANCELLED,2025-01-26,2025-01-09
1,Female,Neurologist,Male,2020-01-30,09:11:57,10:59:50,SCHEDULED,2025-01-23,2025-01-01
2,Female,Neurologist,Female,2023-10-11,09:40:04,14:04:24,COMPLETED,2025-01-20,2025-01-26
1,Female,Neurologist,Male,2024-03-04,15:54:12,18:16:52,COMPLETED,2025-01-15,2025-01-09
3,Female,Neurologist,Female,2022-12-30,05:40:10,19:27:13,COMPLETED,2025-01-19,2025-01-22
1,Female,Neurologist,Male,2025-01-26,07:05:27,13:31:37,SCHEDULED,2025-01-13,2025-01-11
4,Male,Cardiologist,Male,2022-06-11,00:19:45,07:50:30,SCHEDULED,2025-01-12,2025-01-25
3,Female,Neurologist,Female,2022-12-05,09:14:44,14:01:51,COMPLETED,2025-01-09,2025-01-15
4,Male,Cardiologist,Male,2023-01-09,01:37:55,09:04:11,SCHEDULED,2025-01-06,2025-01-11
2,Female,Neurologist,Female,2021-09-13,01:38:49,06:16:07,CANCELLED,2025-01-15,2025-01-07
5,Female,Dermatologist,Male,2024-12-15,08:09:53,13:13:16,CANCELLED,2025-01-09,2025-01-25
5,Female,Dermatologist,Female,2024-08-20,04:31:30,10:05:16,COMPLETED,2025-01-24,2025-01-21
3,Female,Neurologist,Female,2022-08-10,12:48:54,22:02:01,SCHEDULED,2025-01-24,2025-01-13
5,Female,Dermatologist,Female,2021-06-05,01:47:51,15:29:54,COMPLETED,2025-01-23,2025-01-12
5,Female,Dermatologist,Male,2020-04-07,19:24:55,23:23:12,CANCELLED,2025-01-11,2025-01-22
3,Female,Neurologist,Male,2024-12-11,05:07:58,16:50:27,SCHEDULED,2025-01-11,2025-01-13
4,Male,Cardiologist,Female,2023-02-04,00:20:22,20:24:31,SCHEDULED,2025-01-20,2025-01-20
3,Female,Neurologist,Female,2021-04-09,09:33:27,09:57:56,CANCELLED,2025-01-01,2025-01-15
3,Female,Neurologist,Male,2022-08-15,02:07:10,06:39:13,CANCELLED,2025-01-20,2025-01-21
2,Female,Neurologist,Female,2020-10-28,03:22:23,22:15:36,COMPLETED,2025-01-25,2025-01-22
1,Female,Neurologist,Female,2020-10-17,04:33:49,12:57:15,COMPLETED,2025-01-23,2025-01-06
4,Male,Cardiologist,Male,2022-02-16,08:58:18,12:25:53,SCHEDULED,2025-01-14,2025-01-21
3,Female,Neurologist,Female,2023-11-27,00:22:51,10:16:42,SCHEDULED,2025-01-12,2025-01-16
5,Female,Dermatologist,Male,2024-09-04,15:54:40,16:17:34,SCHEDULED,2025-01-15,2025-01-04
3,Female,Neurologist,Male,2022-08-12,02:50:38,18:33:14,CANCELLED,2025-01-16,2025-01-16
2,Female,Neurologist,Female,2020-10-14,03:05:55,10:05:51,SCHEDULED,2025-01-17,2025-01-25
5,Female,Dermatologist,Female,2020-04-21,02:18:34,20:43:19,CANCELLED,2025-01-10,2025-01-21
2,Female,Neurologist,Female,2021-10-28,04:50:49,23:56:57,SCHEDULED,2025-01-18,2025-01-16
1,Female,Neurologist,Male,2020-11-10,12:02:01,17:58:56,SCHEDULED,2025-01-03,2025-01-19
5,Female,Dermatologist,Female,2024-06-20,02:21:11,10:19:11,COMPLETED,2025-01-05,2025-01-12
1,Female,Neurologist,Male,2024-11-01,16:41:26,17:40:52,SCHEDULED,2025-01-24,2025-01-08
1,Female,Neurologist,Female,2022-12-14,06:23:57,13:22:41,CANCELLED,2025-01-13,2025-01-09
2,Female,Neurologist,Male,2024-11-20,05:02:07,16:46:13,CANCELLED,2025-01-23,2025-01-12
5,Female,Dermatologist,Male,2023-11-29,16:17:47,18:58:29,CANCELLED,2025-01-26,2025-01-20
3,Female,Neurologist,Female,2024-07-09,12:45:46,22:27:31,SCHEDULED,2025-01-01,2025-01-09
4,Male,Cardiologist,Female,2023-09-23,07:25:25,08:24:39,SCHEDULED,2025-01-15,2025-01-12
4,Male,Cardiologist,Female,2023-12-13,17:56:44,22:34:24,COMPLETED,2025-01-07,2025-01-03
5,Female,Dermatologist,Female,2020-09-01,05:01:35,19:27:09,COMPLETED,2025-01-06,2025-01-09
1,Female,Neurologist,Male,2023-05-08,15:11:55,21:17:27,SCHEDULED,2025-01-26,2025-01-26
3,Female,Neurologist,Female,2024-06-25,01:58:44,20:53:19,CANCELLED,2025-01-26,2025-01-21
2,Female,Neurologist,Male,2024-05-06,12:52:03,16:37:08,SCHEDULED,2025-01-09,2025-01-14
3,Female,Neurologist,Female,2021-07-29,14:27:31,14:50:30,COMPLETED,2025-01-04,2025-01-01
5,Female,Dermatologist,Female,2023-01-09,00:58:58,15:36:34,CANCELLED,2025-01-26,2025-01-12
3,Female,Neurologist,Male,2022-07-04,14:29:25,14:55:27,SCHEDULED,2025-01-18,2025-01-23
2,Female,Neurologist,Female,2022-10-13,01:43:03,10:36:46,COMPLETED,2025-01-01,2025-01-16
3,Female,Neurologist,Female,2022-02-09,05:46:36,15:48:36,COMPLETED,2025-01-14,2025-01-07
2,Female,Neurologist,Female,2024-07-19,08:59:13,12:48:11,SCHEDULED,2025-01-08,2025-01-12
2,Female,Neurologist,Female,2022-11-02,08:35:31,21:45:14,COMPLETED,2025-01-06,2025-01-13
2,Female,Neurologist,Female,2021-11-30,11:18:32,17:22:05,SCHEDULED,2025-01-01,2025-01-23
3,Female,Neurologist,Male,2021-01-18,00:00:57,15:48:40,CANCELLED,2025-01-01,2025-01-09
5,Female,Dermatologist,Male,2020-02-11,03:43:27,23:33:27,CANCELLED,2025-01-26,2025-01-03
5,Female,Dermatologist,Male,2023-12-19,19:30:59,23:27:55,CANCELLED,2025-01-06,2025-01-14
1,Female,Neurologist,Male,2020-04-30,13:55:48,22:40:53,CANCELLED,2025-01-03,2025-01-11
3,Female,Neurologist,Male,2023-10-06,06:47:43,14:16:52,SCHEDULED,2025-01-18,2025-01-05
4,Male,Cardiologist,Male,2024-06-06,14:54:30,19:18:53,SCHEDULED,2025-01-13,2025-01-01
5,Female,Dermatologist,Male,2021-10-14,14:31:43,20:35:04,COMPLETED,2025-01-15,2025-01-20
3,Female,Neurologist,Female,2022-12-05,10:47:18,17:20:44,SCHEDULED,2025-01-03,2025-01-14
5,Female,Dermatologist,Female,2024-07-25,01:45:58,04:11:07,SCHEDULED,2025-01-09,2025-01-12
5,Female,Dermatologist,Male,2024-02-19,03:40:26,08:34:41,CANCELLED,2025-01-18,2025-01-17
2,Female,Neurologist,Female,2021-08-22,13:37:04,14:56:01,SCHEDULED,2025-01-04,2025-01-20
3,Female,Neurologist,Male,2020-02-13,00:36:10,07:03:21,CANCELLED,2025-01-12,2025-01-18
1,Female,Neurologist,Female,2020-12-16,07:23:31,11:16:59,CANCELLED,2025-01-17,2025-01-20
3,Female,Neurologist,Male,2023-04-13,03:45:12,12:38:39,SCHEDULED,2025-01-23,2025-01-07
2,Female,Neurologist,Male,2020-06-14,01:32:39,21:17:04,COMPLETED,2025-01-04,2025-01-06
2,Female,Neurologist,Female,2023-03-12,06:59:18,20:44:44,COMPLETED,2025-01-23,2025-01-12
3,Female,Neurologist,Male,2023-01-18,07:28:31,12:25:00,CANCELLED,2025-01-20,2025-01-01
2,Female,Neurologist,Female,2023-11-15,19:16:07,21:11:25,CANCELLED,2025-01-04,2025-01-02
5,Female,Dermatologist,Male,2021-03-06,18:43:26,19:45:10,CANCELLED,2025-01-07,2025-01-19
2,Female,Neurologist,Female,2020-11-15,10:23:46,11:48:22,COMPLETED,2025-01-01,2025-01-08
2,Female,Neurologist,Female,2024-09-24,09:32:43,23:49:49,COMPLETED,2025-01-05,2025-01-01
4,Male,Cardiologist,Male,2024-06-29,11:48:24,16:38:28,COMPLETED,2025-01-23,2025-01-17
2,Female,Neurologist,Female,2022-02-18,08:03:03,14:54:52,COMPLETED,2025-01-01,2025-01-12
2,Female,Neurologist,Male,2021-05-07,07:03:27,21:00:11,SCHEDULED,2025-01-17,2025-01-11
3,Female,Neurologist,Female,2022-04-12,08:29:57,20:01:33,SCHEDULED,2025-01-13,2025-01-02
5,Female,Dermatologist,Male,2021-09-21,12:57:35,14:41:34,SCHEDULED,2025-01-14,2025-01-10
2,Female,Neurologist,Male,2022-12-21,11:26:43,16:13:25,SCHEDULED,2025-01-14,2025-01-09
5,Female,Dermatologist,Male,2023-06-04,02:36:07,07:35:41,CANCELLED,2025-01-13,2025-01-02
3,Female,Neurologist,Female,2024-06-28,11:31:03,20:48:06,CANCELLED,2025-01-24,2025-01-11
1,Female,Neurologist,Male,2020-06-20,00:57:56,17:49:15,COMPLETED,2025-01-24,2025-01-05
3,Female,Neurologist,Male,2021-08-14,15:03:52,15:24:05,SCHEDULED,2025-01-12,2025-01-04
3,Female,Neurologist,Male,2023-10-01,04:23:31,11:02:36,SCHEDULED,2025-01-15,2025-01-20
2,Female,Neurologist,Female,2022-11-02,12:03:51,20:01:38,CANCELLED,2025-01-16,2025-01-09
4,Male,Cardiologist,Male,2023-02-22,08:06:49,18:28:39,COMPLETED,2025-01-05,2025-01-16
3,Female,Neurologist,Male,2020-11-19,12:54:25,18:12:27,COMPLETED,2025-01-19,2025-01-05
4,Male,Cardiologist,Male,2020-03-12,12:37:09,16:51:38,CANCELLED,2025-01-10,2025-01-26
5,Female,Dermatologist,Male,2020-09-27,06:18:03,07:50:18,CANCELLED,2025-01-04,2025-01-17
3,Female,Neurologist,Female,2022-08-23,09:52:11,20:17:25,CANCELLED,2025-01-03,2025-01-15
4,Male,Cardiologist,Male,2022-01-25,09:37:59,11:08:05,SCHEDULED,2025-01-18,2025-01-09
1,Female,Neurologist,Male,2021-06-28,08:16:47,16:24:58,COMPLETED,2025-01-14,2025-01-12
4,Male,Cardiologist,Female,2023-09-24,04:56:17,10:11:18,SCHEDULED,2025-01-07,2025-01-16
3,Female,Neurologist,Female,2022-07-13,08:18:56,19:04:00,CANCELLED,2025-01-06,2025-01-23
2,Female,Neurologist,Male,2024-10-22,20:04:50,21:25:08,COMPLETED,2025-01-24,2025-01-21
3,Female,Neurologist,Female,2021-10-02,14:13:04,20:22:07,SCHEDULED,2025-01-03,2025-01-20
2,Female,Neurologist,Female,2022-03-07,17:56:34,17:59:04,SCHEDULED,2025-01-24,2025-01-10
4,Male,Cardiologist,Male,2021-08-02,00:54:45,06:59:36,SCHEDULED,2025-01-04,2025-01-01
1,Female,Neurologist,Male,2020-10-27,09:01:56,19:15:55,SCHEDULED,2025-01-13,2025-01-25
1,Female,Neurologist,Male,2020-01-26,03:28:02,05:27:55,SCHEDULED,2025-01-26,2025-01-01
5,Female,Dermatologist,Male,2021-07-17,02:22:40,03:33:16,SCHEDULED,2025-01-04,2025-01-22
1,Female,Neurologist,Female,2021-02-16,09:45:18,15:18:04,SCHEDULED,2025-01-09,2025-01-15
2,Female,Neurologist,Female,2020-05-09,07:15:47,10:01:38,SCHEDULED,2025-01-16,2025-01-05
2,Female,Neurologist,Female,2024-07-11,02:54:16,21:33:57,CANCELLED,2025-01-19,2025-01-12
4,Male,Cardiologist,Male,2022-09-15,06:35:04,21:12:49,SCHEDULED,2025-01-03,2025-01-26
3,Female,Neurologist,Male,2020-12-18,09:23:43,12:14:39,SCHEDULED,2025-01-26,2025-01-24
2,Female,Neurologist,Male,2022-01-08,16:54:54,19:50:27,CANCELLED,2025-01-14,2025-01-25
3,Female,Neurologist,Female,2023-12-19,03:17:13,04:36:06,COMPLETED,2025-01-18,2025-01-16
4,Male,Cardiologist,Male,2020-05-09,11:22:58,22:35:34,SCHEDULED,2025-01-26,2025-01-08
1,Female,Neurologist,Male,2024-06-16,09:42:37,19:29:19,COMPLETED,2025-01-09,2025-01-15
5,Female,Dermatologist,Male,2022-06-22,08:03:20,21:16:15,CANCELLED,2025-01-05,2025-01-06
5,Female,Dermatologist,Female,2021-03-03,05:56:47,05:59:04,SCHEDULED,2025-01-06,2025-01-09
2,Female,Neurologist,Female,2021-09-11,18:21:21,19:55:54,COMPLETED,2025-01-12,2025-01-15
5,Female,Dermatologist,Male,2020-07-24,04:59:04,15:57:58,CANCELLED,2025-01-26,2025-01-06
2,Female,Neurologist,Female,2024-03-09,19:53:37,22:23:37,COMPLETED,2025-01-07,2025-01-26
5,Female,Dermatologist,Female,2023-07-22,11:17:54,13:14:30,SCHEDULED,2025-01-12,2025-01-02
1,Female,Neurologist,Male,2022-12-24,14:36:07,17:33:43,COMPLETED,2025-01-23,2025-01-20
2,Female,Neurologist,Female,2020-02-27,06:44:23,09:25:06,COMPLETED,2025-01-08,2025-01-23
4,Male,Cardiologist,Female,2020-11-03,06:29:40,15:38:19,COMPLETED,2025-01-23,2025-01-23
1,Female,Neurologist,Male,2024-12-04,14:23:02,20:47:17,COMPLETED,2025-01-18,2025-01-02
2,Female,Neurologist,Female,2024-02-10,12:40:33,21:50:24,CANCELLED,2025-01-17,2025-01-24
2,Female,Neurologist,Male,2021-08-17,01:16:21,08:16:38,CANCELLED,2025-01-14,2025-01-03
4,Male,Cardiologist,Male,2022-04-13,05:39:22,18:48:27,COMPLETED,2025-01-08,2025-01-01
3,Female,Neurologist,Male,2021-03-06,05:00:36,19:50:48,COMPLETED,2025-01-22,2025-01-02
4,Male,Cardiologist,Male,2022-06-27,02:41:31,17:10:17,CANCELLED,2025-01-20,2025-01-01
3,Female,Neurologist,Female,2023-11-19,00:43:36,08:20:54,CANCELLED,2025-01-19,2025-01-01
3,Female,Neurologist,Female,2023-11-08,01:49:16,16:58:53,SCHEDULED,2025-01-11,2025-01-19
1,Female,Neurologist,Male,2022-02-13,07:52:10,13:17:38,SCHEDULED,2025-01-13,2025-01-06
4,Male,Cardiologist,Female,2021-07-29,04:29:40,14:04:57,SCHEDULED,2025-01-16,2025-01-24
4,Male,Cardiologist,Female,2021-11-06,02:55:37,03:30:35,COMPLETED,2025-01-05,2025-01-08
5,Female,Dermatologist,Male,2021-08-28,06:45:52,15:19:45,SCHEDULED,2025-01-11,2025-01-21
3,Female,Neurologist,Female,2022-11-12,06:16:17,14:58:50,SCHEDULED,2025-01-19,2025-01-22
2,Female,Neurologist,Female,2023-07-13,05:14:06,07:55:34,COMPLETED,2025-01-22,2025-01-16
2,Female,Neurologist,Female,2021-02-22,01:47:55,22:37:35,CANCELLED,2025-01-03,2025-01-06
5,Female,Dermatologist,Female,2021-10-23,05:55:39,07:20:48,SCHEDULED,2025-01-21,2025-01-10
1,Female,Neurologist,Female,2022-10-05,21:20:00,23:08:38,CANCELLED,2025-01-19,2025-01-26
1,Female,Neurologist,Male,2024-02-11,02:13:50,03:16:23,COMPLETED,2025-01-10,2025-01-14
2,Female,Neurologist,Male,2024-06-09,07:14:10,16:03:25,CANCELLED,2025-01-13,2025-01-04
4,Male,Cardiologist,Male,2021-08-25,00:27:27,21:42:06,CANCELLED,2025-01-01,2025-01-25
5,Female,Dermatologist,Female,2023-07-24,08:07:23,15:09:31,SCHEDULED,2025-01-04,2025-01-26
5,Female,Dermatologist,Female,2023-02-23,05:51:39,20:43:39,CANCELLED,2025-01-23,2025-01-02
4,Male,Cardiologist,Female,2020-11-26,07:11:58,07:48:45,SCHEDULED,2025-01-13,2025-01-11
5,Female,Dermatologist,Male,2023-10-25,07:35:41,15:07:58,COMPLETED,2025-01-23,2025-01-20
5,Female,Dermatologist,Male,2024-03-04,04:48:05,07:50:11,SCHEDULED,2025-01-10,2025-01-02
1,Female,Neurologist,Female,2022-09-30,00:27:32,15:29:54,COMPLETED,2025-01-04,2025-01-10
5,Female,Dermatologist,Female,2020-08-24,02:48:44,18:00:48,CANCELLED,2025-01-20,2025-01-26
1,Female,Neurologist,Female,2024-05-23,00:38:48,10:55:04,CANCELLED,2025-01-11,2025-01-26
3,Female,Neurologist,Female,2024-09-26,13:15:46,17:25:09,COMPLETED,2025-01-24,2025-01-13
1,Female,Neurologist,Female,2022-04-23,12:25:33,21:41:41,CANCELLED,2025-01-04,2025-01-15
2,Female,Neurologist,Female,2021-03-18,07:00:15,21:50:07,CANCELLED,2025-01-04,2025-01-12
1,Female,Neurologist,Male,2020-12-28,01:36:40,17:22:21,COMPLETED,2025-01-09,2025-01-04
4,Male,Cardiologist,Female,2022-01-06,01:04:30,16:21:19,CANCELLED,2025-01-15,2025-01-23
2,Female,Neurologist,Male,2021-03-09,11:13:28,15:00:52,CANCELLED,2025-01-05,2025-01-04
5,Female,Dermatologist,Female,2023-05-06,18:09:01,23:40:19,SCHEDULED,2025-01-05,2025-01-17
4,Male,Cardiologist,Female,2023-10-07,07:05:30,10:54:55,CANCELLED,2025-01-14,2025-01-03
5,Female,Dermatologist,Female,2021-08-19,15:40:17,21:11:27,SCHEDULED,2025-01-13,2025-01-02
5,Female,Dermatologist,Male,2024-05-23,04:07:33,10:49:56,SCHEDULED,2025-01-08,2025-01-09
2,Female,Neurologist,Female,2021-07-25,02:09:19,03:24:52,CANCELLED,2025-01-18,2025-01-20
3,Female,Neurologist,Female,2024-10-01,22:31:38,22:51:06,CANCELLED,2025-01-11,2025-01-01
5,Female,Dermatologist,Male,2020-08-27,13:43:34,21:51:38,SCHEDULED,2025-01-13,2025-01-25
2,Female,Neurologist,Male,2020-08-07,02:29:49,06:20:23,CANCELLED,2025-01-19,2025-01-03
2,Female,Neurologist,Female,2020-04-25,00:59:06,19:04:18,COMPLETED,2025-01-11,2025-01-15
2,Female,Neurologist,Female,2023-08-15,16:10:32,21:29:41,CANCELLED,2025-01-20,2025-01-21
5,Female,Dermatologist,Female,2024-05-30,10:34:38,11:16:54,COMPLETED,2025-01-24,2025-01-21
5,Female,Dermatologist,Male,2021-02-18,02:49:43,10:23:53,CANCELLED,2025-01-04,2025-01-09
3,Female,Neurologist,Male,2023-01-02,03:58:19,15:41:26,SCHEDULED,2025-01-09,2025-01-24
1,Female,Neurologist,Female,2021-10-10,19:31:34,20:32:46,COMPLETED,2025-01-16,2025-01-02
2,Female,Neurologist,Female,2022-09-09,03:38:19,08:33:11,COMPLETED,2025-01-25,2025-01-08
1,Female,Neurologist,Female,2020-03-20,13:23:15,15:58:42,SCHEDULED,2025-01-20,2025-01-02
5,Female,Dermatologist,Male,2024-04-24,01:05:34,11:51:59,SCHEDULED,2025-01-03,2025-01-01
3,Female,Neurologist,Female,2021-07-06,00:21:13,08:51:05,SCHEDULED,2025-01-04,2025-01-13
5,Female,Dermatologist,Female,2022-04-23,06:15:53,21:55:32,CANCELLED,2025-01-04,2025-01-14
5,Female,Dermatologist,Male,2022-07-24,01:23:58,08:33:03,COMPLETED,2025-01-12,2025-01-26
1,Female,Neurologist,Female,2023-10-29,15:11:59,16:08:08,SCHEDULED,2025-01-26,2025-01-12
5,Female,Dermatologist,Female,2023-10-11,12:29:23,23:33:56,COMPLETED,2025-01-21,2025-01-24
4,Male,Cardiologist,Male,2024-10-28,03:05:35,06:26:38,SCHEDULED,2025-01-13,2025-01-12
1,Female,Neurologist,Female,2025-01-22,05:31:23,06:25:35,COMPLETED,2025-01-03,2025-01-04
2,Female,Neurologist,Male,2022-09-27,03:40:47,16:52:29,COMPLETED,2025-01-05,2025-01-14
4,Male,Cardiologist,Female,2022-04-06,09:28:16,13:05:08,SCHEDULED,2025-01-14,2025-01-14
4,Male,Cardiologist,Female,2022-08-06,06:19:29,22:48:37,SCHEDULED,2025-01-05,2025-01-07
1,Female,Neurologist,Male,2021-08-22,00:29:34,23:01:38,COMPLETED,2025-01-10,2025-01-09
5,Female,Dermatologist,Male,2022-05-24,07:03:29,14:13:39,COMPLETED,2025-01-04,2025-01-10
2,Female,Neurologist,Male,2020-01-02,15:21:50,23:26:10,COMPLETED,2025-01-03,2025-01-22
2,Female,Neurologist,Female,2023-07-17,02:26:50,20:06:33,SCHEDULED,2025-01-17,2025-01-08
2,Female,Neurologist,Female,2020-05-31,03:41:21,06:33:35,SCHEDULED,2025-01-07,2025-01-05
4,Male,Cardiologist,Male,2023-12-17,20:12:39,20:21:00,CANCELLED,2025-01-10,2025-01-05
5,Female,Dermatologist,Female,2023-03-27,10:20:59,19:40:29,SCHEDULED,2025-01-10,2025-01-21
5,Female,Dermatologist,Male,2024-10-15,02:06:58,11:29:50,CANCELLED,2025-01-15,2025-01-20
2,Female,Neurologist,Female,2021-04-11,02:19:14,03:31:26,SCHEDULED,2025-01-25,2025-01-06
5,Female,Dermatologist,Male,2021-08-20,01:57:50,06:15:17,SCHEDULED,2025-01-21,2025-01-13
2,Female,Neurologist,Female,2023-07-30,00:14:39,10:19:47,COMPLETED,2025-01-10,2025-01-21
5,Female,Dermatologist,Male,2023-08-21,01:52:51,16:54:18,COMPLETED,2025-01-26,2025-01-17
2,Female,Neurologist,Male,2024-03-28,06:22:52,12:01:25,COMPLETED,2025-01-07,2025-01-23
1,Female,Neurologist,Male,2023-01-25,15:32:07,19:45:37,CANCELLED,2025-01-18,2025-01-12
3,Female,Neurologist,Female,2020-03-31,02:25:54,10:34:10,COMPLETED,2025-01-24,2025-01-01
3,Female,Neurologist,Male,2024-06-06,19:00:26,21:19:52,CANCELLED,2025-01-23,2025-01-06
1,Female,Neurologist,Male,2023-08-01,04:25:08,17:20:21,SCHEDULED,2025-01-24,2025-01-02
5,Female,Dermatologist,Male,2020-01-14,07:29:49,22:52:04,CANCELLED,2025-01-23,2025-01-06
3,Female,Neurologist,Male,2024-09-27,03:00:40,21:27:02,CANCELLED,2025-01-16,2025-01-25
2,Female,Neurologist,Male,2021-11-08,13:20:41,19:20:01,SCHEDULED,2025-01-11,2025-01-08
2,Female,Neurologist,Female,2023-03-13,03:32:13,06:47:57,CANCELLED,2025-01-09,2025-01-12
4,Male,Cardiologist,Female,2021-03-20,04:49:26,22:30:11,COMPLETED,2025-01-05,2025-01-12
5,Female,Dermatologist,Female,2024-12-12,06:02:16,10:59:55,CANCELLED,2025-01-23,2025-01-01
1,Female,Neurologist,Male,2021-08-05,08:46:08,20:37:25,CANCELLED,2025-01-14,2025-01-24
5,Female,Dermatologist,Female,2024-01-19,08:48:36,16:54:08,SCHEDULED,2025-01-13,2025-01-03
4,Male,Cardiologist,Female,2020-10-24,08:53:25,16:16:08,COMPLETED,2025-01-13,2025-01-19
1,Female,Neurologist,Male,2021-03-05,10:18:05,18:57:43,COMPLETED,2025-01-21,2025-01-24
2,Female,Neurologist,Male,2023-07-22,04:33:47,13:05:44,COMPLETED,2025-01-22,2025-01-19
4,Male,Cardiologist,Female,2023-09-25,08:50:13,09:28:04,COMPLETED,2025-01-12,2025-01-21
2,Female,Neurologist,Male,2020-02-20,00:55:46,02:25:58,SCHEDULED,2025-01-22,2025-01-16
2,Female,Neurologist,Male,2022-10-13,02:17:12,08:50:44,CANCELLED,2025-01-20,2025-01-02
3,Female,Neurologist,Male,2022-08-22,08:21:38,12:30:54,SCHEDULED,2025-01-06,2025-01-12
1,Female,Neurologist,Male,2022-12-12,11:09:17,12:20:19,SCHEDULED,2025-01-23,2025-01-11
5,Female,Dermatologist,Male,2024-08-08,06:44:06,23:58:46,CANCELLED,2025-01-21,2025-01-07
3,Female,Neurologist,Male,2022-02-11,14:26:17,16:05:29,SCHEDULED,2025-01-17,2025-01-05
3,Female,Neurologist,Female,2021-03-20,02:07:32,13:19:31,COMPLETED,2025-01-02,2025-01-22
1,Female,Neurologist,Male,2023-08-16,17:39:58,21:44:50,COMPLETED,2025-01-11,2025-01-08
4,Male,Cardiologist,Female,2024-05-26,11:29:25,20:39:33,CANCELLED,2025-01-13,2025-01-13
1,Female,Neurologist,Female,2023-10-30,14:14:22,15:09:47,CANCELLED,2025-01-01,2025-01-12
1,Female,Neurologist,Female,2022-08-12,01:18:28,07:56:24,SCHEDULED,2025-01-05,2025-01-12
3,Female,Neurologist,Female,2021-07-15,09:24:31,14:49:37,CANCELLED,2025-01-05,2025-01-26
5,Female,Dermatologist,Female,2022-12-08,17:44:38,20:03:48,COMPLETED,2025-01-02,2025-01-04
2,Female,Neurologist,Female,2023-08-14,02:13:31,19:20:41,SCHEDULED,2025-01-24,2025-01-09
3,Female,Neurologist,Male,2021-07-23,02:44:35,19:27:33,COMPLETED,2025-01-10,2025-01-10
3,Female,Neurologist,Female,2021-07-22,19:45:06,23:53:08,SCHEDULED,2025-01-13,2025-01-03
4,Male,Cardiologist,Male,2021-03-27,15:11:32,19:22:53,SCHEDULED,2025-01-03,2025-01-15
3,Female,Neurologist,Female,2023-06-27,01:21:45,05:16:58,SCHEDULED,2025-01-24,2025-01-21
2,Female,Neurologist,Female,2024-07-14,01:03:04,06:56:56,COMPLETED,2025-01-04,2025-01-06
2,Female,Neurologist,Male,2024-12-12,12:52:18,13:19:33,CANCELLED,2025-01-21,2025-01-10
5,Female,Dermatologist,Male,2024-03-30,10:00:45,18:30:21,CANCELLED,2025-01-04,2025-01-22
1,Female,Neurologist,Female,2024-07-03,00:58:56,17:21:40,COMPLETED,2025-01-04,2025-01-11
2,Female,Neurologist,Female,2023-02-28,01:05:24,03:19:13,COMPLETED,2025-01-20,2025-01-11
4,Male,Cardiologist,Female,2023-02-27,07:30:52,19:11:16,CANCELLED,2025-01-18,2025-01-09
5,Female,Dermatologist,Female,2021-05-14,19:54:23,23:47:48,CANCELLED,2025-01-21,2025-01-06
2,Female,Neurologist,Male,2022-06-06,04:23:42,15:30:11,SCHEDULED,2025-01-19,2025-01-07
4,Male,Cardiologist,Male,2024-05-27,00:20:14,20:48:25,CANCELLED,2025-01-05,2025-01-17
2,Female,Neurologist,Male,2022-06-12,08:53:14,11:43:37,CANCELLED,2025-01-23,2025-01-09
4,Male,Cardiologist,Female,2025-01-11,17:10:18,17:35:48,CANCELLED,2025-01-05,2025-01-03
4,Male,Cardiologist,Female,2022-06-17,04:03:31,17:11:50,SCHEDULED,2025-01-20,2025-01-15
2,Female,Neurologist,Male,2024-08-18,15:56:22,16:19:11,COMPLETED,2025-01-08,2025-01-04
5,Female,Dermatologist,Male,2020-07-26,07:57:40,12:31:39,CANCELLED,2025-01-04,2025-01-23
3,Female,Neurologist,Female,2021-07-07,03:05:52,19:29:39,COMPLETED,2025-01-06,2025-01-04
1,Female,Neurologist,Female,2023-10-09,16:23:52,17:36:18,CANCELLED,2025-01-10,2025-01-09
4,Male,Cardiologist,Male,2024-11-01,06:53:22,18:49:45,CANCELLED,2025-01-09,2025-01-04
1,Female,Neurologist,Female,2021-08-11,00:46:50,09:16:39,CANCELLED,2025-01-05,2025-01-17
1,Female,Neurologist,Female,2022-09-08,12:28:31,23:22:00,COMPLETED,2025-01-06,2025-01-21
4,Male,Cardiologist,Female,2024-01-26,02:38:12,16:45:09,SCHEDULED,2025-01-25,2025-01-03
3,Female,Neurologist,Male,2020-04-09,17:36:24,20:26:54,SCHEDULED,2025-01-11,2025-01-03
2,Female,Neurologist,Female,2022-02-10,01:05:50,20:44:17,CANCELLED,2025-01-21,2025-01-26
2,Female,Neurologist,Male,2023-12-28,01:14:02,08:21:31,CANCELLED,2025-01-21,2025-01-12
3,Female,Neurologist,Male,2022-12-12,14:55:13,22:01:16,CANCELLED,2025-01-20,2025-01-04
2,Female,Neurologist,Male,2020-05-01,07:58:30,11:41:46,COMPLETED,2025-01-16,2025-01-08
4,Male,Cardiologist,Male,2023-12-29,05:39:20,10:07:48,SCHEDULED,2025-01-08,2025-01-09
4,Male,Cardiologist,Female,2023-11-01,04:14:21,05:02:47,SCHEDULED,2025-01-14,2025-01-19
4,Male,Cardiologist,Male,2023-12-09,11:12:01,19:48:51,SCHEDULED,2025-01-07,2025-01-19
5,Female,Dermatologist,Female,2022-05-23,03:19:03,03:56:54,SCHEDULED,2025-01-07,2025-01-26
2,Female,Neurologist,Male,2021-05-16,08:25:15,10:47:08,SCHEDULED,2025-01-13,2025-01-23
5,Female,Dermatologist,Female,2023-06-04,22:35:54,22:57:13,COMPLETED,2025-01-17,2025-01-08
1,Female,Neurologist,Male,2021-04-28,14:39:39,19:37:45,SCHEDULED,2025-01-16,2025-01-03
4,Male,Cardiologist,Male,2020-07-22,07:45:14,23:56:14,CANCELLED,2025-01-20,2025-01-09
4,Male,Cardiologist,Male,2022-11-11,02:02:15,05:53:00,CANCELLED,2025-01-14,2025-01-18
1,Female,Neurologist,Female,2020-02-22,04:16:29,18:31:28,SCHEDULED,2025-01-08,2025-01-13
5,Female,Dermatologist,Male,2024-07-29,00:01:32,10:48:01,CANCELLED,2025-01-26,2025-01-01
4,Male,Cardiologist,Male,2022-08-06,02:51:39,20:30:39,SCHEDULED,2025-01-26,2025-01-13
5,Female,Dermatologist,Male,2021-06-20,05:02:00,21:55:13,COMPLETED,2025-01-21,2025-01-06
2,Female,Neurologist,Female,2021-02-06,03:57:55,05:31:30,SCHEDULED,2025-01-25,2025-01-25
2,Female,Neurologist,Female,2022-10-15,16:30:13,22:56:49,CANCELLED,2025-01-07,2025-01-25
2,Female,Neurologist,Male,2021-12-26,15:24:42,22:37:53,CANCELLED,2025-01-17,2025-01-13
4,Male,Cardiologist,Female,2024-05-10,14:05:23,16:09:19,COMPLETED,2025-01-11,2025-01-16
1,Female,Neurologist,Female,2021-02-27,06:05:41,17:38:12,COMPLETED,2025-01-21,2025-01-25
1,Female,Neurologist,Female,2022-04-14,02:00:22,02:49:07,COMPLETED,2025-01-25,2025-01-02
3,Female,Neurologist,Male,2020-12-22,20:27:22,22:15:41,CANCELLED,2025-01-22,2025-01-17
5,Female,Dermatologist,Female,2022-12-15,03:40:41,04:24:47,SCHEDULED,2025-01-26,2025-01-01
3,Female,Neurologist,Female,2022-12-25,01:36:54,18:00:22,COMPLETED,2025-01-01,2025-01-21
5,Female,Dermatologist,Male,2021-09-21,10:00:45,16:49:11,CANCELLED,2025-01-17,2025-01-11
4,Male,Cardiologist,Male,2020-08-04,07:49:13,09:51:07,SCHEDULED,2025-01-07,2025-01-02
3,Female,Neurologist,Male,2021-03-01,06:52:48,22:59:41,COMPLETED,2025-01-04,2025-01-24
5,Female,Dermatologist,Male,2024-11-15,10:29:51,14:18:08,CANCELLED,2025-01-07,2025-01-04
3,Female,Neurologist,Male,2022-08-02,18:38:37,23:43:55,COMPLETED,2025-01-19,2025-01-11
5,Female,Dermatologist,Female,2021-03-26,13:56:54,22:41:27,CANCELLED,2025-01-24,2025-01-12
1,Female,Neurologist,Female,2024-04-09,11:02:00,11:41:55,COMPLETED,2025-01-05,2025-01-21
3,Female,Neurologist,Male,2022-12-09,10:33:02,19:33:50,SCHEDULED,2025-01-17,2025-01-08
4,Male,Cardiologist,Male,2022-06-10,10:58:11,16:59:22,SCHEDULED,2025-01-25,2025-01-12
2,Female,Neurologist,Male,2021-11-22,19:01:13,23:03:47,CANCELLED,2025-01-19,2025-01-11
3,Female,Neurologist,Male,2022-09-16,04:58:32,09:14:16,SCHEDULED,2025-01-09,2025-01-09
2,Female,Neurologist,Male,2020-03-31,01:12:46,14:21:43,CANCELLED,2025-01-25,2025-01-18
3,Female,Neurologist,Male,2024-03-28,02:20:58,03:23:45,CANCELLED,2025-01-06,2025-01-02
2,Female,Neurologist,Female,2022-02-09,09:05:30,15:05:46,SCHEDULED,2025-01-02,2025-01-15
4,Male,Cardiologist,Female,2023-06-22,07:53:18,14:04:17,SCHEDULED,2025-01-03,2025-01-22
4,Male,Cardiologist,Female,2024-12-09,11:14:18,11:24:44,CANCELLED,2025-01-16,2025-01-22
1,Female,Neurologist,Male,2020-04-12,01:53:50,15:51:04,COMPLETED,2025-01-13,2025-01-23
3,Female,Neurologist,Female,2020-07-26,16:48:04,21:48:08,COMPLETED,2025-01-09,2025-01-26
5,Female,Dermatologist,Female,2021-11-16,09:05:14,14:19:43,COMPLETED,2025-01-08,2025-01-13
3,Female,Neurologist,Male,2021-03-05,03:32:38,19:41:42,SCHEDULED,2025-01-10,2025-01-02
4,Male,Cardiologist,Female,2021-03-03,11:47:29,14:45:32,SCHEDULED,2025-01-04,2025-01-05
1,Female,Neurologist,Female,2021-05-29,02:23:48,12:53:01,COMPLETED,2025-01-12,2025-01-26
5,Female,Dermatologist,Male,2021-02-16,01:41:06,09:44:54,SCHEDULED,2025-01-17,2025-01-18
2,Female,Neurologist,Female,2023-09-26,03:25:32,05:09:26,CANCELLED,2025-01-23,2025-01-02
4,Male,Cardiologist,Male,2022-05-28,13:52:52,22:39:20,COMPLETED,2025-01-23,2025-01-03
4,Male,Cardiologist,Female,2024-05-14,03:44:31,08:54:57,COMPLETED,2025-01-06,2025-01-07
1,Female,Neurologist,Female,2022-01-27,11:34:50,14:32:00,SCHEDULED,2025-01-04,2025-01-25
4,Male,Cardiologist,Male,2020-06-17,04:01:39,21:08:26,SCHEDULED,2025-01-20,2025-01-20
2,Female,Neurologist,Female,2023-08-28,16:29:09,23:26:14,SCHEDULED,2025-01-16,2025-01-11
3,Female,Neurologist,Female,2022-02-21,00:58:48,11:20:39,CANCELLED,2025-01-19,2025-01-04
2,Female,Neurologist,Male,2020-02-03,08:25:40,14:26:14,COMPLETED,2025-01-15,2025-01-16
1,Female,Neurologist,Male,2024-12-20,02:07:06,18:52:53,COMPLETED,2025-01-22,2025-01-26
4,Male,Cardiologist,Female,2023-07-14,16:24:48,19:15:41,CANCELLED,2025-01-23,2025-01-07
3,Female,Neurologist,Male,2020-02-16,01:07:40,19:53:53,COMPLETED,2025-01-21,2025-01-14
1,Female,Neurologist,Male,2022-11-06,09:01:09,22:43:47,SCHEDULED,2025-01-14,2025-01-15
2,Female,Neurologist,Female,2020-03-06,12:08:15,15:45:02,SCHEDULED,2025-01-10,2025-01-16
1,Female,Neurologist,Male,2022-12-16,16:14:29,22:14:14,SCHEDULED,2025-01-04,2025-01-20
3,Female,Neurologist,Female,2020-09-14,08:07:10,23:54:24,COMPLETED,2025-01-23,2025-01-20
4,Male,Cardiologist,Female,2021-01-21,15:44:57,22:56:46,SCHEDULED,2025-01-13,2025-01-11
4,Male,Cardiologist,Female,2024-06-27,09:03:09,11:33:56,CANCELLED,2025-01-08,2025-01-04
3,Female,Neurologist,Male,2020-05-25,01:28:14,17:15:27,CANCELLED,2025-01-14,2025-01-23
2,Female,Neurologist,Male,2022-05-06,05:02:12,11:47:04,SCHEDULED,2025-01-10,2025-01-24
4,Male,Cardiologist,Male,2023-08-03,08:30:57,15:02:18,SCHEDULED,2025-01-17,2025-01-14
2,Female,Neurologist,Male,2022-02-07,03:47:51,22:36:10,SCHEDULED,2025-01-24,2025-01-04
1,Female,Neurologist,Female,2023-11-30,11:38:02,19:59:34,SCHEDULED,2025-01-23,2025-01-22
4,Male,Cardiologist,Male,2024-05-01,06:33:49,10:16:02,SCHEDULED,2025-01-24,2025-01-15
2,Female,Neurologist,Male,2020-02-16,19:25:15,20:48:02,SCHEDULED,2025-01-07,2025-01-04
3,Female,Neurologist,Female,2023-03-26,18:39:59,22:26:29,CANCELLED,2025-01-13,2025-01-22
2,Female,Neurologist,Female,2021-04-09,00:29:07,19:38:33,SCHEDULED,2025-01-17,2025-01-21
5,Female,Dermatologist,Male,2020-01-06,02:28:12,06:00:13,COMPLETED,2025-01-15,2025-01-06
2,Female,Neurologist,Female,2021-09-23,06:39:35,09:06:12,SCHEDULED,2025-01-26,2025-01-19
4,Male,Cardiologist,Male,2024-11-23,08:58:51,11:28:45,COMPLETED,2025-01-26,2025-01-25
5,Female,Dermatologist,Male,2022-01-23,10:40:23,23:31:51,COMPLETED,2025-01-24,2025-01-07
4,Male,Cardiologist,Female,2022-09-16,22:05:03,22:31:20,SCHEDULED,2025-01-25,2025-01-05
5,Female,Dermatologist,Male,2024-11-10,17:49:59,19:20:59,CANCELLED,2025-01-25,2025-01-26
1,Female,Neurologist,Female,2023-04-16,01:20:53,22:19:51,COMPLETED,2025-01-01,2025-01-25
5,Female,Dermatologist,Female,2022-06-22,03:47:20,22:04:21,SCHEDULED,2025-01-02,2025-01-08
3,Female,Neurologist,Female,2023-09-06,05:01:34,22:32:30,COMPLETED,2025-01-06,2025-01-20
4,Male,Cardiologist,Male,2021-11-14,09:54:24,19:25:02,COMPLETED,2025-01-11,2025-01-25
1,Female,Neurologist,Male,2024-07-13,12:42:39,20:06:28,CANCELLED,2025-01-11,2025-01-02
1,Female,Neurologist,Male,2021-10-03,10:42:58,14:23:44,CANCELLED,2025-01-23,2025-01-22
5,Female,Dermatologist,Female,2021-10-12,05:36:15,21:53:45,SCHEDULED,2025-01-15,2025-01-04
4,Male,Cardiologist,Male,2023-01-16,00:57:06,18:56:31,SCHEDULED,2025-01-17,2025-01-06
5,Female,Dermatologist,Male,2020-11-18,13:14:36,14:18:08,CANCELLED,2025-01-11,2025-01-14
4,Male,Cardiologist,Male,2021-09-12,19:50:52,21:20:57,COMPLETED,2025-01-09,2025-01-07
4,Male,Cardiologist,Male,2024-06-20,01:53:57,20:28:26,COMPLETED,2025-01-13,2025-01-03
3,Female,Neurologist,Male,2021-06-21,03:49:46,11:17:55,CANCELLED,2025-01-05,2025-01-04
3,Female,Neurologist,Male,2021-02-08,06:05:05,11:16:06,COMPLETED,2025-01-21,2025-01-10
1,Female,Neurologist,Male,2025-01-07,12:16:16,17:04:40,COMPLETED,2025-01-11,2025-01-21
5,Female,Dermatologist,Male,2023-11-02,06:03:37,07:53:09,COMPLETED,2025-01-16,2025-01-21
5,Female,Dermatologist,Male,2021-01-14,03:21:59,12:25:54,COMPLETED,2025-01-14,2025-01-18
1,Female,Neurologist,Male,2024-05-30,03:23:08,16:55:02,COMPLETED,2025-01-08,2025-01-09
5,Female,Dermatologist,Female,2020-12-07,06:20:08,07:36:30,SCHEDULED,2025-01-21,2025-01-09
4,Male,Cardiologist,Female,2022-02-08,10:56:05,15:51:37,SCHEDULED,2025-01-18,2025-01-04
5,Female,Dermatologist,Female,2023-04-27,01:41:38,19:07:36,CANCELLED,2025-01-05,2025-01-24
5,Female,Dermatologist,Male,2020-06-04,04:37:59,21:25:28,SCHEDULED,2025-01-25,2025-01-22
2,Female,Neurologist,Male,2022-07-31,07:55:37,10:49:04,CANCELLED,2025-01-08,2025-01-05
4,Male,Cardiologist,Female,2024-07-26,03:05:15,12:11:48,CANCELLED,2025-01-13,2025-01-16
4,Male,Cardiologist,Female,2022-04-15,14:00:22,16:32:22,CANCELLED,2025-01-20,2025-01-01
3,Female,Neurologist,Female,2023-01-25,05:17:21,22:14:35,SCHEDULED,2025-01-06,2025-01-05
2,Female,Neurologist,Female,2021-08-26,21:27:08,22:57:55,COMPLETED,2025-01-14,2025-01-22
4,Male,Cardiologist,Male,2021-08-12,02:42:16,10:23:17,CANCELLED,2025-01-14,2025-01-11
3,Female,Neurologist,Female,2020-12-03,05:02:53,23:05:03,CANCELLED,2025-01-18,2025-01-14
4,Male,Cardiologist,Female,2024-09-12,10:05:48,19:32:46,COMPLETED,2025-01-10,2025-01-25
1,Female,Neurologist,Male,2021-10-08,10:22:11,22:48:33,SCHEDULED,2025-01-16,2025-01-03
4,Male,Cardiologist,Female,2020-06-05,02:38:09,21:01:23,COMPLETED,2025-01-11,2025-01-06
4,Male,Cardiologist,Female,2025-01-11,09:11:25,10:30:11,CANCELLED,2025-01-25,2025-01-10
5,Female,Dermatologist,Male,2021-08-25,07:19:42,21:15:49,CANCELLED,2025-01-16,2025-01-08
1,Female,Neurologist,Male,2022-12-21,06:37:04,16:16:55,COMPLETED,2025-01-13,2025-01-22
4,Male,Cardiologist,Male,2023-04-21,02:50:25,23:48:26,COMPLETED,2025-01-09,2025-01-24
1,Female,Neurologist,Male,2023-07-12,02:09:23,21:49:12,SCHEDULED,2025-01-14,2025-01-22
2,Female,Neurologist,Female,2024-10-07,19:08:32,23:04:20,COMPLETED,2025-01-03,2025-01-13
2,Female,Neurologist,Female,2020-08-02,09:10:34,12:41:22,CANCELLED,2025-01-18,2025-01-11
4,Male,Cardiologist,Male,2022-03-28,14:27:44,21:43:36,COMPLETED,2025-01-16,2025-01-01
2,Female,Neurologist,Male,2021-10-31,18:04:55,23:04:52,SCHEDULED,2025-01-04,2025-01-09
4,Male,Cardiologist,Male,2020-06-09,10:11:15,16:54:00,CANCELLED,2025-01-08,2025-01-05
4,Male,Cardiologist,Male,2024-07-07,00:08:16,13:57:19,CANCELLED,2025-01-10,2025-01-03
5,Female,Dermatologist,Female,2022-03-28,03:09:46,08:44:31,SCHEDULED,2025-01-13,2025-01-06
4,Male,Cardiologist,Male,2021-03-01,12:03:36,13:05:29,COMPLETED,2025-01-15,2025-01-18
5,Female,Dermatologist,Female,2024-08-30,01:10:49,17:52:15,COMPLETED,2025-01-03,2025-01-15
4,Male,Cardiologist,Male,2021-06-24,03:09:17,23:45:17,COMPLETED,2025-01-18,2025-01-17
1,Female,Neurologist,Male,2021-11-13,13:54:26,21:59:54,CANCELLED,2025-01-13,2025-01-12
4,Male,Cardiologist,Female,2023-11-13,14:10:53,16:41:23,SCHEDULED,2025-01-13,2025-01-05
2,Female,Neurologist,Male,2023-04-14,08:53:40,19:43:10,CANCELLED,2025-01-05,2025-01-14
5,Female,Dermatologist,Male,2025-01-20,12:13:45,19:22:27,SCHEDULED,2025-01-13,2025-01-16
1,Female,Neurologist,Female,2024-05-17,05:03:12,21:25:57,COMPLETED,2025-01-07,2025-01-23
3,Female,Neurologist,Female,2023-10-26,09:53:38,16:11:05,COMPLETED,2025-01-03,2025-01-17
4,Male,Cardiologist,Female,2022-09-20,13:20:45,17:04:58,SCHEDULED,2025-01-02,2025-01-13
3,Female,Neurologist,Female,2022-03-23,03:31:21,18:15:23,COMPLETED,2025-01-23,2025-01-22
1,Female,Neurologist,Female,2024-07-18,11:31:12,16:49:39,CANCELLED,2025-01-07,2025-01-11
3,Female,Neurologist,Female,2021-08-18,18:54:04,23:33:20,CANCELLED,2025-01-18,2025-01-12
1,Female,Neurologist,Male,2021-10-31,03:19:32,17:08:53,SCHEDULED,2025-01-06,2025-01-04
1,Female,Neurologist,Male,2020-12-27,11:43:30,14:56:22,COMPLETED,2025-01-14,2025-01-07
4,Male,Cardiologist,Female,2023-02-17,08:44:33,09:36:38,CANCELLED,2025-01-23,2025-01-15
3,Female,Neurologist,Male,2024-03-28,12:26:25,12:46:50,CANCELLED,2025-01-08,2025-01-21
5,Female,Dermatologist,Female,2023-06-01,06:07:24,09:16:36,SCHEDULED,2025-01-21,2025-01-22
1,Female,Neurologist,Male,2020-07-26,03:45:32,14:49:26,CANCELLED,2025-01-14,2025-01-09
2,Female,Neurologist,Female,2020-05-15,07:19:49,07:27:25,SCHEDULED,2025-01-04,2025-01-09
5,Female,Dermatologist,Male,2022-03-21,02:57:03,19:56:29,CANCELLED,2025-01-18,2025-01-20
2,Female,Neurologist,Female,2024-08-10,12:50:24,20:42:42,CANCELLED,2025-01-26,2025-01-08
2,Female,Neurologist,Male,2022-11-08,04:32:15,05:14:52,SCHEDULED,2025-01-19,2025-01-25
1,Female,Neurologist,Male,2020-01-14,14:54:29,20:10:41,SCHEDULED,2025-01-20,2025-01-06
4,Male,Cardiologist,Male,2020-11-19,14:03:59,17:08:31,COMPLETED,2025-01-18,2025-01-21
4,Male,Cardiologist,Male,2020-07-27,10:37:43,21:33:39,SCHEDULED,2025-01-02,2025-01-20
5,Female,Dermatologist,Female,2022-03-12,07:04:05,18:17:26,SCHEDULED,2025-01-15,2025-01-24
5,Female,Dermatologist,Male,2020-06-23,03:29:21,15:38:58,CANCELLED,2025-01-15,2025-01-24
1,Female,Neurologist,Male,2024-03-10,16:39:22,19:12:34,CANCELLED,2025-01-20,2025-01-10
5,Female,Dermatologist,Female,2023-12-13,08:54:14,21:16:47,CANCELLED,2025-01-17,2025-01-10
1,Female,Neurologist,Female,2022-01-16,04:05:34,05:21:59,CANCELLED,2025-01-19,2025-01-21
5,Female,Dermatologist,Male,2021-09-06,01:26:59,16:01:24,COMPLETED,2025-01-06,2025-01-14
1,Female,Neurologist,Female,2021-12-09,00:22:14,16:26:27,COMPLETED,2025-01-26,2025-01-08
2,Female,Neurologist,Female,2020-04-29,07:09:23,18:01:54,SCHEDULED,2025-01-20,2025-01-26
4,Male,Cardiologist,Male,2024-12-20,18:38:27,23:14:48,SCHEDULED,2025-01-08,2025-01-16
3,Female,Neurologist,Female,2023-11-07,01:32:35,23:03:15,SCHEDULED,2025-01-26,2025-01-26
2,Female,Neurologist,Male,2020-07-07,04:38:10,11:26:05,CANCELLED,2025-01-20,2025-01-06
2,Female,Neurologist,Male,2021-04-27,12:08:54,13:57:30,SCHEDULED,2025-01-23,2025-01-03
1,Female,Neurologist,Female,2024-09-21,04:07:17,12:40:55,CANCELLED,2025-01-13,2025-01-15
4,Male,Cardiologist,Male,2023-07-29,00:44:48,23:15:24,COMPLETED,2025-01-11,2025-01-15
1,Female,Neurologist,Female,2024-01-14,16:17:40,23:55:49,SCHEDULED,2025-01-18,2025-01-11
2,Female,Neurologist,Female,2022-05-30,19:17:39,20:03:19,CANCELLED,2025-01-09,2025-01-05
5,Female,Dermatologist,Male,2020-06-18,12:34:11,19:18:44,SCHEDULED,2025-01-05,2025-01-14
4,Male,Cardiologist,Female,2020-08-19,23:04:56,23:12:41,SCHEDULED,2025-01-18,2025-01-07
1,Female,Neurologist,Male,2022-05-07,01:24:39,06:02:38,CANCELLED,2025-01-24,2025-01-03
2,Female,Neurologist,Male,2023-12-09,04:43:15,11:56:55,SCHEDULED,2025-01-16,2025-01-21
4,Male,Cardiologist,Male,2022-06-21,05:08:31,18:42:39,CANCELLED,2025-01-03,2025-01-18
1,Female,Neurologist,Male,2022-07-20,08:25:58,21:16:47,COMPLETED,2025-01-02,2025-01-24
5,Female,Dermatologist,Female,2021-02-05,08:48:04,23:40:24,CANCELLED,2025-01-23,2025-01-10
5,Female,Dermatologist,Female,2023-07-28,14:30:20,21:25:44,CANCELLED,2025-01-10,2025-01-26
5,Female,Dermatologist,Female,2021-09-07,04:03:56,14:08:36,SCHEDULED,2025-01-14,2025-01-19
4,Male,Cardiologist,Male,2024-02-27,00:46:06,19:58:49,SCHEDULED,2025-01-05,2025-01-10
4,Male,Cardiologist,Female,2021-10-31,02:21:19,21:22:35,COMPLETED,2025-01-26,2025-01-11
5,Female,Dermatologist,Male,2023-04-24,12:09:40,18:57:12,CANCELLED,2025-01-06,2025-01-14
2,Female,Neurologist,Female,2021-06-07,03:20:28,08:42:58,CANCELLED,2025-01-04,2025-01-26
2,Female,Neurologist,Female,2022-04-23,07:23:37,22:29:06,SCHEDULED,2025-01-15,2025-01-26
4,Male,Cardiologist,Male,2022-07-21,19:29:55,21:15:48,CANCELLED,2025-01-16,2025-01-18
1,Female,Neurologist,Female,2021-07-21,03:23:52,04:06:30,SCHEDULED,2025-01-07,2025-01-17
2,Female,Neurologist,Female,2024-08-30,01:35:15,04:19:02,CANCELLED,2025-01-12,2025-01-24
2,Female,Neurologist,Female,2020-11-24,20:34:56,22:25:54,SCHEDULED,2025-01-12,2025-01-22
1,Female,Neurologist,Male,2024-06-20,01:28:46,22:07:05,CANCELLED,2025-01-19,2025-01-08
3,Female,Neurologist,Male,2021-11-11,04:28:26,09:17:01,CANCELLED,2025-01-08,2025-01-05
1,Female,Neurologist,Female,2023-05-17,07:48:48,08:04:05,SCHEDULED,2025-01-06,2025-01-04
5,Female,Dermatologist,Female,2021-01-17,17:43:18,22:55:24,SCHEDULED,2025-01-09,2025-01-13
2,Female,Neurologist,Male,2020-02-15,00:46:31,23:23:32,COMPLETED,2025-01-17,2025-01-22
1,Female,Neurologist,Female,2020-01-10,07:28:42,17:56:08,SCHEDULED,2025-01-16,2025-01-02
2,Female,Neurologist,Female,2020-11-26,08:24:33,20:37:49,COMPLETED,2025-01-13,2025-01-22
1,Female,Neurologist,Female,2020-01-01,06:00:09,19:32:37,SCHEDULED,2025-01-06,2025-01-07
2,Female,Neurologist,Male,2022-03-29,01:11:51,23:09:26,CANCELLED,2025-01-24,2025-01-02
3,Female,Neurologist,Male,2022-01-08,14:46:01,16:37:23,CANCELLED,2025-01-17,2025-01-11
1,Female,Neurologist,Male,2023-01-27,10:31:49,15:29:15,COMPLETED,2025-01-16,2025-01-12
1,Female,Neurologist,Female,2020-01-26,03:22:16,06:43:18,COMPLETED,2025-01-18,2025-01-23
2,Female,Neurologist,Female,2022-11-05,10:31:02,15:15:57,SCHEDULED,2025-01-15,2025-01-12
4,Male,Cardiologist,Female,2024-12-15,00:07:20,14:57:14,SCHEDULED,2025-01-19,2025-01-08
1,Female,Neurologist,Female,2020-09-28,16:47:46,18:47:20,COMPLETED,2025-01-16,2025-01-25
2,Female,Neurologist,Female,2020-12-23,04:11:24,13:31:33,CANCELLED,2025-01-11,2025-01-11
5,Female,Dermatologist,Male,2020-10-21,12:33:41,16:14:15,SCHEDULED,2025-01-15,2025-01-14
4,Male,Cardiologist,Female,2022-09-09,11:58:33,17:11:58,CANCELLED,2025-01-08,2025-01-25
3,Female,Neurologist,Female,2023-07-06,20:19:45,22:13:57,COMPLETED,2025-01-24,2025-01-09
4,Male,Cardiologist,Male,2021-04-15,23:02:43,23:46:38,CANCELLED,2025-01-20,2025-01-02
5,Female,Dermatologist,Male,2020-11-10,03:20:15,06:52:13,CANCELLED,2025-01-04,2025-01-09
1,Female,Neurologist,Female,2020-08-08,07:44:14,15:17:42,COMPLETED,2025-01-14,2025-01-13
2,Female,Neurologist,Female,2023-12-10,04:50:48,10:28:43,COMPLETED,2025-01-13,2025-01-19
1,Female,Neurologist,Male,2022-10-14,01:11:43,04:56:24,SCHEDULED,2025-01-12,2025-01-05
1,Female,Neurologist,Male,2023-12-17,20:16:06,23:37:54,SCHEDULED,2025-01-21,2025-01-01
1,Female,Neurologist,Male,2020-09-15,20:02:08,20:28:57,COMPLETED,2025-01-19,2025-01-20
5,Female,Dermatologist,Male,2024-11-01,19:51:08,21:58:42,SCHEDULED,2025-01-01,2025-01-04
2,Female,Neurologist,Female,2023-09-18,11:23:10,19:31:28,CANCELLED,2025-01-26,2025-01-20
5,Female,Dermatologist,Male,2020-12-04,13:40:37,17:02:25,CANCELLED,2025-01-08,2025-01-20
5,Female,Dermatologist,Female,2024-12-17,04:08:28,05:24:05,SCHEDULED,2025-01-19,2025-01-13
4,Male,Cardiologist,Female,2023-05-13,13:33:51,22:46:06,SCHEDULED,2025-01-05,2025-01-04
2,Female,Neurologist,Female,2021-04-27,01:42:44,22:13:44,SCHEDULED,2025-01-22,2025-01-19
5,Female,Dermatologist,Male,2022-09-10,15:19:08,23:54:18,CANCELLED,2025-01-09,2025-01-25
2,Female,Neurologist,Male,2022-04-03,16:33:37,18:34:01,COMPLETED,2025-01-24,2025-01-10
5,Female,Dermatologist,Male,2021-06-09,13:39:29,21:41:59,COMPLETED,2025-01-17,2025-01-15
1,Female,Neurologist,Female,2024-05-25,04:49:58,11:20:55,SCHEDULED,2025-01-17,2025-01-06
5,Female,Dermatologist,Female,2022-10-05,08:26:28,18:32:51,SCHEDULED,2025-01-07,2025-01-04
5,Female,Dermatologist,Male,2020-06-24,15:14:04,21:23:18,CANCELLED,2025-01-17,2025-01-11
2,Female,Neurologist,Male,2022-11-17,05:31:33,05:57:30,CANCELLED,2025-01-25,2025-01-23
4,Male,Cardiologist,Female,2022-05-25,05:49:45,06:51:49,COMPLETED,2025-01-16,2025-01-20
2,Female,Neurologist,Male,2024-11-21,05:14:21,17:48:26,SCHEDULED,2025-01-14,2025-01-01
3,Female,Neurologist,Male,2022-06-07,00:34:47,14:46:03,SCHEDULED,2025-01-26,2025-01-25
3,Female,Neurologist,Male,2023-05-27,02:18:38,17:43:52,COMPLETED,2025-01-26,2025-01-17
3,Female,Neurologist,Male,2023-11-20,02:02:25,22:56:22,COMPLETED,2025-01-17,2025-01-07
5,Female,Dermatologist,Female,2023-07-05,05:28:21,20:44:31,COMPLETED,2025-01-21,2025-01-13
5,Female,Dermatologist,Male,2023-08-01,01:27:31,20:49:09,CANCELLED,2025-01-02,2025-01-07
3,Female,Neurologist,Female,2024-12-02,18:38:22,23:06:01,CANCELLED,2025-01-10,2025-01-17
1,Female,Neurologist,Male,2022-06-24,05:49:18,11:16:40,CANCELLED,2025-01-16,2025-01-08
4,Male,Cardiologist,Male,2023-02-26,00:55:47,09:03:57,COMPLETED,2025-01-17,2025-01-08
1,Female,Neurologist,Male,2020-07-11,12:32:43,13:59:01,SCHEDULED,2025-01-22,2025-01-15
1,Female,Neurologist,Male,2023-07-08,10:26:16,21:43:50,COMPLETED,2025-01-11,2025-01-03
5,Female,Dermatologist,Female,2022-04-21,04:58:21,09:49:10,CANCELLED,2025-01-20,2025-01-24
4,Male,Cardiologist,Female,2023-08-29,06:21:41,10:18:18,SCHEDULED,2025-01-24,2025-01-01
5,Female,Dermatologist,Female,2025-01-02,03:51:07,16:51:46,SCHEDULED,2025-01-26,2025-01-21
2,Female,Neurologist,Male,2023-05-04,07:53:26,17:56:35,COMPLETED,2025-01-08,2025-01-23
1,Female,Neurologist,Female,2024-06-18,10:00:53,13:08:17,SCHEDULED,2025-01-04,2025-01-10
4,Male,Cardiologist,Male,2023-12-22,02:34:01,02:55:32,CANCELLED,2025-01-26,2025-01-21
5,Female,Dermatologist,Male,2020-09-11,14:04:56,21:39:18,SCHEDULED,2025-01-03,2025-01-14
5,Female,Dermatologist,Female,2024-08-31,09:50:03,22:11:38,COMPLETED,2025-01-03,2025-01-26
2,Female,Neurologist,Female,2024-06-04,03:49:08,07:27:38,CANCELLED,2025-01-15,2025-01-08
4,Male,Cardiologist,Male,2023-06-17,16:06:23,17:46:16,SCHEDULED,2025-01-15,2025-01-25
2,Female,Neurologist,Female,2024-07-08,05:17:12,12:27:25,SCHEDULED,2025-01-01,2025-01-10
3,Female,Neurologist,Male,2022-03-08,12:30:59,22:58:28,COMPLETED,2025-01-08,2025-01-05
3,Female,Neurologist,Female,2022-10-14,02:37:21,10:59:09,CANCELLED,2025-01-17,2025-01-18
4,Male,Cardiologist,Female,2023-08-15,09:14:15,14:15:57,CANCELLED,2025-01-15,2025-01-15
1,Female,Neurologist,Female,2020-03-11,03:30:02,14:18:06,COMPLETED,2025-01-16,2025-01-03
2,Female,Neurologist,Female,2020-04-20,10:17:02,11:18:19,SCHEDULED,2025-01-25,2025-01-26
4,Male,Cardiologist,Female,2024-10-04,12:01:37,21:51:11,SCHEDULED,2025-01-07,2025-01-19
2,Female,Neurologist,Male,2021-10-13,09:07:43,17:15:39,CANCELLED,2025-01-08,2025-01-03
5,Female,Dermatologist,Female,2022-02-20,06:29:15,20:29:00,SCHEDULED,2025-01-03,2025-01-08
1,Female,Neurologist,Female,2021-06-08,00:10:26,10:39:00,CANCELLED,2025-01-17,2025-01-13
1,Female,Neurologist,Male,2023-04-19,00:20:05,05:58:53,SCHEDULED,2025-01-09,2025-01-20
5,Female,Dermatologist,Male,2020-01-04,04:03:40,12:09:04,COMPLETED,2025-01-04,2025-01-18
5,Female,Dermatologist,Male,2024-12-16,18:29:05,22:26:47,COMPLETED,2025-01-09,2025-01-04
5,Female,Dermatologist,Male,2023-02-09,04:05:11,08:48:46,COMPLETED,2025-01-23,2025-01-07
3,Female,Neurologist,Male,2024-05-19,05:49:12,13:29:16,COMPLETED,2025-01-08,2025-01-02
2,Female,Neurologist,Female,2023-12-16,05:17:36,07:43:29,COMPLETED,2025-01-26,2025-01-10
1,Female,Neurologist,Male,2020-05-24,01:46:59,15:20:20,SCHEDULED,2025-01-02,2025-01-22
4,Male,Cardiologist,Female,2023-02-09,15:46:52,18:34:55,COMPLETED,2025-01-23,2025-01-02
2,Female,Neurologist,Male,2022-10-07,17:51:42,22:53:02,CANCELLED,2025-01-05,2025-01-13
5,Female,Dermatologist,Male,2020-12-08,03:48:30,08:51:17,COMPLETED,2025-01-24,2025-01-08
4,Male,Cardiologist,Female,2024-04-06,00:11:18,16:00:09,CANCELLED,2025-01-21,2025-01-13
3,Female,Neurologist,Male,2022-05-17,01:36:14,07:25:32,CANCELLED,2025-01-11,2025-01-14
4,Male,Cardiologist,Female,2023-03-23,03:23:37,16:10:15,COMPLETED,2025-01-23,2025-01-17
5,Female,Dermatologist,Male,2023-10-26,01:03:00,12:25:28,COMPLETED,2025-01-14,2025-01-23
4,Male,Cardiologist,Male,2023-11-05,00:13:47,20:17:11,SCHEDULED,2025-01-01,2025-01-26
3,Female,Neurologist,Female,2022-03-30,02:24:49,07:50:40,CANCELLED,2025-01-25,2025-01-02
1,Female,Neurologist,Male,2024-01-07,00:12:32,01:18:38,COMPLETED,2025-01-18,2025-01-14
3,Female,Neurologist,Male,2024-03-25,04:33:40,09:23:51,SCHEDULED,2025-01-10,2025-01-23
5,Female,Dermatologist,Female,2021-12-06,05:53:49,14:43:12,COMPLETED,2025-01-23,2025-01-22
1,Female,Neurologist,Male,2023-07-12,05:46:10,09:48:30,COMPLETED,2025-01-18,2025-01-15
2,Female,Neurologist,Male,2020-09-07,08:54:52,21:54:10,COMPLETED,2025-01-24,2025-01-08
2,Female,Neurologist,Male,2022-07-30,03:24:09,21:14:18,CANCELLED,2025-01-06,2025-01-24
4,Male,Cardiologist,Male,2021-04-02,08:01:18,14:14:53,SCHEDULED,2025-01-25,2025-01-02
5,Female,Dermatologist,Male,2021-01-19,01:05:33,14:04:56,SCHEDULED,2025-01-26,2025-01-16
5,Female,Dermatologist,Male,2021-06-21,19:19:59,20:04:09,COMPLETED,2025-01-04,2025-01-19
2,Female,Neurologist,Male,2024-05-23,19:20:28,21:42:15,CANCELLED,2025-01-15,2025-01-18
1,Female,Neurologist,Male,2024-12-18,06:36:15,15:42:32,COMPLETED,2025-01-04,2025-01-12
5,Female,Dermatologist,Male,2020-09-15,06:16:40,12:39:42,COMPLETED,2025-01-20,2025-01-01
2,Female,Neurologist,Male,2023-04-12,16:53:13,17:56:29,COMPLETED,2025-01-18,2025-01-06
2,Female,Neurologist,Female,2021-06-27,04:27:50,06:34:26,CANCELLED,2025-01-02,2025-01-13
1,Female,Neurologist,Male,2020-10-10,02:34:59,12:09:00,COMPLETED,2025-01-22,2025-01-23
3,Female,Neurologist,Female,2021-06-25,20:36:32,21:21:18,SCHEDULED,2025-01-06,2025-01-25
5,Female,Dermatologist,Female,2020-07-24,03:28:17,20:03:50,SCHEDULED,2025-01-10,2025-01-14
1,Female,Neurologist,Female,2023-10-02,11:03:29,21:05:15,COMPLETED,2025-01-07,2025-01-16
5,Female,Dermatologist,Male,2020-06-24,15:21:51,18:18:48,CANCELLED,2025-01-23,2025-01-19
1,Female,Neurologist,Male,2020-06-04,07:17:03,14:22:22,COMPLETED,2025-01-18,2025-01-25
1,Female,Neurologist,Male,2023-06-11,11:55:11,17:26:29,SCHEDULED,2025-01-05,2025-01-08
2,Female,Neurologist,Male,2021-09-07,10:01:03,16:49:19,SCHEDULED,2025-01-12,2025-01-22
1,Female,Neurologist,Male,2024-12-06,15:43:41,22:20:37,SCHEDULED,2025-01-20,2025-01-10
4,Male,Cardiologist,Female,2023-06-08,11:30:46,12:54:24,CANCELLED,2025-01-24,2025-01-24
3,Female,Neurologist,Male,2022-07-08,04:25:53,12:48:10,CANCELLED,2025-01-08,2025-01-14
2,Female,Neurologist,Female,2022-12-26,04:37:44,13:13:54,COMPLETED,2025-01-23,2025-01-20
1,Female,Neurologist,Male,2021-11-23,00:37:53,23:38:08,SCHEDULED,2025-01-05,2025-01-14
3,Female,Neurologist,Male,2024-12-25,03:17:24,13:25:45,CANCELLED,2025-01-25,2025-01-10
2,Female,Neurologist,Male,2022-06-30,05:38:05,17:56:08,SCHEDULED,2025-01-23,2025-01-15
1,Female,Neurologist,Female,2021-04-16,05:17:53,05:26:51,CANCELLED,2025-01-05,2025-01-02
4,Male,Cardiologist,Male,2022-10-10,03:16:08,11:37:33,SCHEDULED,2025-01-20,2025-01-24
2,Female,Neurologist,Female,2022-10-30,15:55:27,20:11:38,SCHEDULED,2025-01-24,2025-01-15
5,Female,Dermatologist,Female,2024-03-07,02:21:24,16:20:19,COMPLETED,2025-01-14,2025-01-12
4,Male,Cardiologist,Male,2022-08-21,04:52:15,21:00:12,SCHEDULED,2025-01-15,2025-01-09
4,Male,Cardiologist,Female,2022-03-10,08:12:32,09:10:00,SCHEDULED,2025-01-01,2025-01-06
2,Female,Neurologist,Female,2022-11-01,06:11:04,19:00:13,SCHEDULED,2025-01-18,2025-01-03
4,Male,Cardiologist,Female,2023-03-12,04:38:31,20:41:04,COMPLETED,2025-01-25,2025-01-09
2,Female,Neurologist,Male,2024-12-31,09:31:15,11:03:52,CANCELLED,2025-01-09,2025-01-01
3,Female,Neurologist,Male,2022-07-23,02:18:10,18:52:38,SCHEDULED,2025-01-02,2025-01-22
4,Male,Cardiologist,Male,2022-01-08,13:01:19,22:48:53,SCHEDULED,2025-01-23,2025-01-13
4,Male,Cardiologist,Female,2020-11-24,12:42:27,17:44:10,COMPLETED,2025-01-18,2025-01-17
3,Female,Neurologist,Female,2020-04-09,01:21:29,09:48:43,SCHEDULED,2025-01-26,2025-01-21
2,Female,Neurologist,Male,2021-08-12,05:55:22,22:30:56,CANCELLED,2025-01-25,2025-01-05
1,Female,Neurologist,Female,2024-11-18,00:35:20,02:56:53,SCHEDULED,2025-01-20,2025-01-02
1,Female,Neurologist,Female,2021-09-07,09:10:26,22:53:15,CANCELLED,2025-01-02,2025-01-18
1,Female,Neurologist,Female,2022-12-29,17:48:51,19:23:54,CANCELLED,2025-01-11,2025-01-11
1,Female,Neurologist,Female,2021-02-21,10:43:13,19:58:10,SCHEDULED,2025-01-08,2025-01-12
4,Male,Cardiologist,Female,2021-12-30,01:49:11,16:17:07,CANCELLED,2025-01-07,2025-01-01
2,Female,Neurologist,Female,2023-02-26,11:35:17,21:05:06,SCHEDULED,2025-01-19,2025-01-01
2,Female,Neurologist,Female,2023-10-03,02:10:25,13:27:54,CANCELLED,2025-01-21,2025-01-20
1,Female,Neurologist,Female,2021-10-21,00:32:36,14:29:36,CANCELLED,2025-01-16,2025-01-23
3,Female,Neurologist,Male,2023-07-15,10:02:08,18:39:30,CANCELLED,2025-01-18,2025-01-23
2,Female,Neurologist,Male,2023-06-19,04:04:43,07:46:04,CANCELLED,2025-01-25,2025-01-06
4,Male,Cardiologist,Male,2023-07-22,10:39:31,11:20:50,SCHEDULED,2025-01-07,2025-01-24
1,Female,Neurologist,Male,2023-12-21,22:42:12,23:34:34,CANCELLED,2025-01-20,2025-01-16
1,Female,Neurologist,Female,2021-12-18,04:29:56,19:33:11,COMPLETED,2025-01-16,2025-01-21
2,Female,Neurologist,Female,2023-06-26,03:39:27,13:21:31,CANCELLED,2025-01-15,2025-01-21
5,Female,Dermatologist,Male,2022-07-17,10:24:46,23:46:51,SCHEDULED,2025-01-16,2025-01-09
5,Female,Dermatologist,Male,2021-01-10,01:01:25,09:05:30,COMPLETED,2025-01-04,2025-01-25
1,Female,Neurologist,Male,2022-02-12,11:35:04,18:08:40,CANCELLED,2025-01-15,2025-01-13
5,Female,Dermatologist,Male,2020-11-26,01:41:00,08:17:07,CANCELLED,2025-01-11,2025-01-22
2,Female,Neurologist,Male,2024-05-22,17:19:19,22:55:07,COMPLETED,2025-01-03,2025-01-03
5,Female,Dermatologist,Male,2021-01-23,03:36:56,22:19:43,CANCELLED,2025-01-23,2025-01-08
2,Female,Neurologist,Female,2024-10-12,00:45:26,15:45:04,COMPLETED,2025-01-16,2025-01-26
3,Female,Neurologist,Male,2022-05-30,09:24:26,23:50:47,CANCELLED,2025-01-07,2025-01-09
4,Male,Cardiologist,Female,2024-01-18,08:54:06,18:55:43,COMPLETED,2025-01-17,2025-01-13
5,Female,Dermatologist,Male,2024-06-04,05:20:54,12:48:48,SCHEDULED,2025-01-19,2025-01-01
2,Female,Neurologist,Female,2022-07-09,14:58:04,23:04:03,SCHEDULED,2025-01-23,2025-01-15
1,Female,Neurologist,Male,2025-01-18,11:08:10,14:04:29,CANCELLED,2025-01-03,2025-01-04
3,Female,Neurologist,Female,2020-12-28,09:38:09,16:02:51,SCHEDULED,2025-01-15,2025-01-24
5,Female,Dermatologist,Female,2021-02-23,03:13:01,19:32:13,SCHEDULED,2025-01-24,2025-01-03
2,Female,Neurologist,Female,2024-06-26,02:01:52,10:28:28,COMPLETED,2025-01-07,2025-01-25
4,Male,Cardiologist,Female,2025-01-18,07:35:25,07:39:07,SCHEDULED,2025-01-01,2025-01-05
5,Female,Dermatologist,Female,2024-11-05,11:28:32,22:41:53,SCHEDULED,2025-01-11,2025-01-11
2,Female,Neurologist,Female,2020-02-22,13:01:54,16:44:45,CANCELLED,2025-01-20,2025-01-03
4,Male,Cardiologist,Female,2022-05-21,08:51:37,20:07:59,COMPLETED,2025-01-04,2025-01-14
2,Female,Neurologist,Female,2023-12-19,05:46:56,19:40:42,COMPLETED,2025-01-08,2025-01-21
4,Male,Cardiologist,Male,2020-08-24,03:26:27,18:31:55,CANCELLED,2025-01-01,2025-01-19
1,Female,Neurologist,Female,2022-05-30,02:39:31,08:20:42,SCHEDULED,2025-01-02,2025-01-22
5,Female,Dermatologist,Male,2020-03-29,05:21:31,11:28:52,COMPLETED,2025-01-02,2025-01-05
1,Female,Neurologist,Female,2024-03-21,09:16:56,12:40:07,CANCELLED,2025-01-12,2025-01-02
3,Female,Neurologist,Male,2024-12-28,06:41:18,23:09:20,SCHEDULED,2025-01-20,2025-01-14
4,Male,Cardiologist,Female,2023-09-01,06:50:16,09:22:14,CANCELLED,2025-01-13,2025-01-16
1,Female,Neurologist,Male,2020-11-19,13:40:01,17:11:27,COMPLETED,2025-01-06,2025-01-06
2,Female,Neurologist,Male,2021-01-30,21:54:51,23:55:53,COMPLETED,2025-01-02,2025-01-26
5,Female,Dermatologist,Female,2020-05-12,05:50:47,13:10:04,COMPLETED,2025-01-15,2025-01-06
2,Female,Neurologist,Male,2021-09-04,05:20:52,07:58:50,COMPLETED,2025-01-26,2025-01-15
4,Male,Cardiologist,Female,2023-04-21,00:42:02,22:43:29,CANCELLED,2025-01-21,2025-01-12
4,Male,Cardiologist,Male,2020-09-17,02:28:05,23:35:39,SCHEDULED,2025-01-26,2025-01-24
5,Female,Dermatologist,Male,2022-11-21,03:13:01,05:31:02,COMPLETED,2025-01-13,2025-01-16
2,Female,Neurologist,Female,2021-04-30,03:52:56,22:36:22,SCHEDULED,2025-01-09,2025-01-04
5,Female,Dermatologist,Male,2022-08-16,09:47:48,14:47:16,SCHEDULED,2025-01-26,2025-01-15
3,Female,Neurologist,Male,2020-07-26,11:15:32,12:02:31,CANCELLED,2025-01-04,2025-01-19
3,Female,Neurologist,Female,2020-07-31,13:01:24,17:57:35,CANCELLED,2025-01-26,2025-01-13
3,Female,Neurologist,Male,2020-08-26,11:10:49,18:00:04,COMPLETED,2025-01-02,2025-01-22
1,Female,Neurologist,Male,2020-07-14,01:00:21,02:50:06,COMPLETED,2025-01-14,2025-01-02
1,Female,Neurologist,Male,2023-11-09,09:00:29,22:20:16,CANCELLED,2025-01-25,2025-01-25
2,Female,Neurologist,Male,2022-10-01,02:35:31,23:25:13,COMPLETED,2025-01-17,2025-01-22
4,Male,Cardiologist,Female,2020-01-18,16:31:20,19:05:28,SCHEDULED,2025-01-03,2025-01-14
2,Female,Neurologist,Female,2023-07-14,01:25:00,02:32:14,CANCELLED,2025-01-14,2025-01-05
3,Female,Neurologist,Male,2020-12-25,15:33:04,16:40:34,COMPLETED,2025-01-19,2025-01-13
1,Female,Neurologist,Male,2024-06-22,00:44:35,15:27:01,COMPLETED,2025-01-12,2025-01-22
3,Female,Neurologist,Male,2021-10-08,11:31:15,12:07:52,SCHEDULED,2025-01-14,2025-01-18
4,Male,Cardiologist,Female,2023-10-22,04:53:39,21:41:25,COMPLETED,2025-01-23,2025-01-05
3,Female,Neurologist,Female,2020-01-08,18:31:50,21:12:20,CANCELLED,2025-01-13,2025-01-24
3,Female,Neurologist,Female,2020-11-08,09:27:51,15:59:57,COMPLETED,2025-01-03,2025-01-12
3,Female,Neurologist,Female,2022-09-02,16:28:53,21:40:57,SCHEDULED,2025-01-26,2025-01-11
1,Female,Neurologist,Male,2022-12-23,02:31:32,15:41:02,SCHEDULED,2025-01-22,2025-01-15
2,Female,Neurologist,Male,2022-10-29,13:04:04,20:57:16,COMPLETED,2025-01-26,2025-01-08
2,Female,Neurologist,Male,2023-01-30,01:09:39,08:40:44,SCHEDULED,2025-01-03,2025-01-02
2,Female,Neurologist,Female,2022-08-08,19:35:54,19:59:11,CANCELLED,2025-01-02,2025-01-10
5,Female,Dermatologist,Female,2020-12-09,00:34:02,17:22:41,COMPLETED,2025-01-18,2025-01-13
5,Female,Dermatologist,Female,2020-01-11,00:12:59,17:30:03,SCHEDULED,2025-01-05,2025-01-17
3,Female,Neurologist,Male,2022-04-01,16:29:05,23:45:35,CANCELLED,2025-01-12,2025-01-16
2,Female,Neurologist,Male,2021-11-09,07:57:06,20:56:57,CANCELLED,2025-01-10,2025-01-03
5,Female,Dermatologist,Male,2024-05-09,07:41:30,17:31:07,CANCELLED,2025-01-21,2025-01-12
1,Female,Neurologist,Male,2023-07-04,17:03:50,17:17:10,CANCELLED,2025-01-01,2025-01-21
4,Male,Cardiologist,Female,2020-04-03,06:15:44,14:11:13,CANCELLED,2025-01-25,2025-01-18
1,Female,Neurologist,Female,2023-02-19,10:46:50,22:40:53,SCHEDULED,2025-01-26,2025-01-23
3,Female,Neurologist,Male,2022-11-11,16:55:43,23:34:25,COMPLETED,2025-01-20,2025-01-22
5,Female,Dermatologist,Female,2020-05-24,20:41:25,21:17:20,SCHEDULED,2025-01-13,2025-01-13
2,Female,Neurologist,Female,2024-06-25,17:57:38,18:29:57,COMPLETED,2025-01-11,2025-01-18
1,Female,Neurologist,Female,2021-09-30,06:07:41,17:46:57,CANCELLED,2025-01-18,2025-01-16
5,Female,Dermatologist,Male,2021-11-22,12:13:58,15:37:08,SCHEDULED,2025-01-22,2025-01-10
1,Female,Neurologist,Female,2024-11-09,02:47:10,06:20:45,SCHEDULED,2025-01-01,2025-01-23
2,Female,Neurologist,Male,2020-04-08,01:51:48,23:06:00,CANCELLED,2025-01-24,2025-01-04
2,Female,Neurologist,Male,2023-10-30,00:20:18,04:54:28,COMPLETED,2025-01-09,2025-01-11
5,Female,Dermatologist,Female,2020-08-25,00:39:33,18:27:32,COMPLETED,2025-01-08,2025-01-25
5,Female,Dermatologist,Male,2023-07-06,20:24:04,23:11:28,CANCELLED,2025-01-04,2025-01-24
2,Female,Neurologist,Male,2020-09-08,03:44:24,08:40:19,SCHEDULED,2025-01-21,2025-01-09
4,Male,Cardiologist,Male,2020-01-08,09:01:46,21:21:20,COMPLETED,2025-01-03,2025-01-14
4,Male,Cardiologist,Male,2024-05-03,15:08:14,20:01:24,COMPLETED,2025-01-07,2025-01-15
2,Female,Neurologist,Female,2020-03-12,09:28:55,10:30:28,SCHEDULED,2025-01-16,2025-01-01
4,Male,Cardiologist,Female,2023-07-15,09:42:43,12:50:10,COMPLETED,2025-01-26,2025-01-19
3,Female,Neurologist,Male,2020-10-20,07:09:10,20:55:29,SCHEDULED,2025-01-11,2025-01-09
2,Female,Neurologist,Male,2024-08-19,15:37:42,21:33:20,CANCELLED,2025-01-02,2025-01-19
5,Female,Dermatologist,Female,2023-09-21,11:49:43,13:15:15,SCHEDULED,2025-01-05,2025-01-14
3,Female,Neurologist,Female,2023-01-31,01:38:12,22:05:14,SCHEDULED,2025-01-11,2025-01-04
2,Female,Neurologist,Male,2024-09-21,01:19:19,18:47:38,SCHEDULED,2025-01-17,2025-01-20
2,Female,Neurologist,Male,2023-03-01,00:13:30,01:14:35,SCHEDULED,2025-01-07,2025-01-16
1,Female,Neurologist,Female,2021-12-28,04:38:26,12:16:33,CANCELLED,2025-01-12,2025-01-04
5,Female,Dermatologist,Female,2024-10-05,06:33:32,22:09:46,SCHEDULED,2025-01-06,2025-01-25
5,Female,Dermatologist,Female,2021-01-12,10:57:34,14:09:52,CANCELLED,2025-01-17,2025-01-04
2,Female,Neurologist,Female,2022-09-21,17:27:30,21:45:48,COMPLETED,2025-01-23,2025-01-06
3,Female,Neurologist,Male,2021-05-18,16:31:32,22:03:39,CANCELLED,2025-01-21,2025-01-22
3,Female,Neurologist,Male,2020-01-27,18:14:48,21:51:22,COMPLETED,2025-01-10,2025-01-16
5,Female,Dermatologist,Male,2021-01-17,07:00:35,19:32:38,COMPLETED,2025-01-18,2025-01-08
5,Female,Dermatologist,Female,2021-09-02,12:07:10,16:12:04,SCHEDULED,2025-01-09,2025-01-02
1,Female,Neurologist,Male,2022-08-17,02:47:27,06:25:45,COMPLETED,2025-01-19,2025-01-15
3,Female,Neurologist,Female,2021-12-25,08:24:32,22:04:20,CANCELLED,2025-01-08,2025-01-04
1,Female,Neurologist,Female,2022-10-29,01:09:00,21:49:28,COMPLETED,2025-01-19,2025-01-21
1,Female,Neurologist,Male,2023-10-23,01:22:06,20:50:58,COMPLETED,2025-01-25,2025-01-15
1,Female,Neurologist,Female,2023-04-20,03:06:09,19:49:22,SCHEDULED,2025-01-22,2025-01-18
1,Female,Neurologist,Male,2023-01-13,13:33:49,16:50:36,SCHEDULED,2025-01-24,2025-01-24
3,Female,Neurologist,Male,2024-12-12,08:13:40,10:11:55,COMPLETED,2025-01-17,2025-01-21
3,Female,Neurologist,Male,2021-02-09,01:44:18,04:41:45,COMPLETED,2025-01-02,2025-01-15
3,Female,Neurologist,Male,2022-11-11,15:47:35,22:58:42,SCHEDULED,2025-01-08,2025-01-19
5,Female,Dermatologist,Female,2020-12-04,07:01:18,23:56:00,SCHEDULED,2025-01-05,2025-01-25
5,Female,Dermatologist,Male,2023-12-05,05:15:31,18:01:51,COMPLETED,2025-01-05,2025-01-25
4,Male,Cardiologist,Male,2020-01-23,06:37:21,18:09:00,CANCELLED,2025-01-19,2025-01-15
3,Female,Neurologist,Male,2022-03-10,10:48:25,14:03:46,COMPLETED,2025-01-15,2025-01-08
2,Female,Neurologist,Female,2024-11-12,02:22:43,23:25:11,SCHEDULED,2025-01-21,2025-01-05
4,Male,Cardiologist,Male,2023-11-26,04:38:26,09:08:42,SCHEDULED,2025-01-24,2025-01-19
2,Female,Neurologist,Male,2021-05-01,05:32:48,17:58:00,SCHEDULED,2025-01-12,2025-01-04
3,Female,Neurologist,Male,2022-01-01,03:21:58,07:19:54,COMPLETED,2025-01-09,2025-01-03
3,Female,Neurologist,Male,2020-11-30,13:45:16,16:47:32,SCHEDULED,2025-01-23,2025-01-07
1,Female,Neurologist,Male,2023-05-19,11:28:17,21:34:24,CANCELLED,2025-01-24,2025-01-21
2,Female,Neurologist,Male,2021-06-04,07:17:17,20:51:30,SCHEDULED,2025-01-01,2025-01-04
5,Female,Dermatologist,Female,2022-06-10,08:32:13,09:11:40,COMPLETED,2025-01-21,2025-01-05
3,Female,Neurologist,Female,2020-03-03,15:51:26,23:18:16,SCHEDULED,2025-01-03,2025-01-06
1,Female,Neurologist,Male,2023-05-29,10:00:25,12:25:07,CANCELLED,2025-01-24,2025-01-20
5,Female,Dermatologist,Female,2020-02-24,13:12:19,13:22:38,CANCELLED,2025-01-26,2025-01-17
3,Female,Neurologist,Male,2024-03-16,06:21:27,23:07:59,SCHEDULED,2025-01-13,2025-01-21
5,Female,Dermatologist,Male,2021-10-20,03:06:16,03:17:16,CANCELLED,2025-01-11,2025-01-07
1,Female,Neurologist,Female,2020-12-02,00:35:00,09:13:36,SCHEDULED,2025-01-02,2025-01-13
3,Female,Neurologist,Female,2023-06-26,07:23:53,15:03:52,SCHEDULED,2025-01-19,2025-01-17
5,Female,Dermatologist,Male,2023-06-14,15:24:19,15:29:14,SCHEDULED,2025-01-16,2025-01-24
2,Female,Neurologist,Male,2021-11-07,13:46:56,23:27:25,COMPLETED,2025-01-23,2025-01-16
5,Female,Dermatologist,Female,2024-04-27,05:22:07,23:19:47,COMPLETED,2025-01-18,2025-01-26
4,Male,Cardiologist,Male,2020-02-07,08:08:09,22:37:46,COMPLETED,2025-01-09,2025-01-11
2,Female,Neurologist,Female,2021-04-16,00:58:30,09:34:33,CANCELLED,2025-01-15,2025-01-01
3,Female,Neurologist,Female,2022-09-01,06:22:10,06:22:50,COMPLETED,2025-01-08,2025-01-25
2,Female,Neurologist,Female,2021-01-31,11:54:42,16:53:35,SCHEDULED,2025-01-02,2025-01-16
3,Female,Neurologist,Female,2021-07-05,19:09:13,23:33:47,CANCELLED,2025-01-24,2025-01-01
2,Female,Neurologist,Female,2023-09-08,04:46:56,14:35:52,CANCELLED,2025-01-26,2025-01-02
1,Female,Neurologist,Female,2023-09-12,13:32:29,14:27:37,COMPLETED,2025-01-14,2025-01-17
1,Female,Neurologist,Male,2020-03-07,06:20:36,17:22:42,SCHEDULED,2025-01-16,2025-01-09
2,Female,Neurologist,Female,2024-03-12,01:47:05,23:38:39,CANCELLED,2025-01-13,2025-01-15
1,Female,Neurologist,Female,2021-01-07,10:14:04,23:18:26,CANCELLED,2025-01-13,2025-01-02
3,Female,Neurologist,Female,2020-05-16,01:58:57,12:50:53,CANCELLED,2025-01-16,2025-01-01
3,Female,Neurologist,Male,2020-01-19,12:29:44,15:34:44,COMPLETED,2025-01-12,2025-01-26
3,Female,Neurologist,Male,2022-06-20,16:09:31,20:10:23,CANCELLED,2025-01-13,2025-01-22
1,Female,Neurologist,Female,2023-06-15,18:25:53,19:35:56,CANCELLED,2025-01-18,2025-01-02
3,Female,Neurologist,Male,2021-04-26,08:26:57,22:42:43,CANCELLED,2025-01-03,2025-01-19
4,Male,Cardiologist,Male,2021-09-16,04:37:58,14:37:19,CANCELLED,2025-01-13,2025-01-20
4,Male,Cardiologist,Female,2022-12-26,07:39:38,16:28:32,SCHEDULED,2025-01-17,2025-01-15
5,Female,Dermatologist,Male,2021-09-21,18:30:58,20:11:21,COMPLETED,2025-01-23,2025-01-05
5,Female,Dermatologist,Male,2021-09-22,01:00:35,05:07:09,CANCELLED,2025-01-10,2025-01-06
1,Female,Neurologist,Female,2020-09-25,02:46:05,09:14:35,CANCELLED,2025-01-08,2025-01-19
2,Female,Neurologist,Male,2024-05-22,11:53:00,16:32:15,COMPLETED,2025-01-04,2025-01-13
4,Male,Cardiologist,Female,2020-11-09,10:41:05,18:19:25,CANCELLED,2025-01-06,2025-01-06
5,Female,Dermatologist,Male,2022-06-18,02:15:34,07:56:22,SCHEDULED,2025-01-18,2025-01-02
4,Male,Cardiologist,Male,2020-09-12,02:39:35,22:39:59,CANCELLED,2025-01-21,2025-01-23
5,Female,Dermatologist,Female,2025-01-12,21:15:46,22:03:50,SCHEDULED,2025-01-25,2025-01-21
3,Female,Neurologist,Male,2022-10-29,07:27:25,08:40:16,SCHEDULED,2025-01-07,2025-01-23
1,Female,Neurologist,Male,2021-11-11,15:35:24,22:14:30,CANCELLED,2025-01-26,2025-01-15
1,Female,Neurologist,Female,2023-11-20,07:59:07,10:28:37,SCHEDULED,2025-01-22,2025-01-03
3,Female,Neurologist,Female,2024-01-27,00:04:22,07:44:41,SCHEDULED,2025-01-13,2025-01-04
3,Female,Neurologist,Female,2023-04-25,18:42:09,21:15:35,SCHEDULED,2025-01-02,2025-01-22
4,Male,Cardiologist,Male,2021-03-19,12:03:11,23:00:53,SCHEDULED,2025-01-24,2025-01-25
3,Female,Neurologist,Female,2023-02-23,01:24:41,18:39:38,SCHEDULED,2025-01-16,2025-01-01
4,Male,Cardiologist,Female,2023-12-03,02:55:25,09:23:55,SCHEDULED,2025-01-03,2025-01-08
4,Male,Cardiologist,Male,2021-07-22,03:37:41,10:46:22,SCHEDULED,2025-01-01,2025-01-09
4,Male,Cardiologist,Female,2022-07-29,10:06:53,23:01:15,COMPLETED,2025-01-10,2025-01-21
3,Female,Neurologist,Female,2021-12-01,07:16:28,07:28:11,SCHEDULED,2025-01-03,2025-01-05
5,Female,Dermatologist,Female,2020-08-21,02:22:30,20:15:25,COMPLETED,2025-01-11,2025-01-24
2,Female,Neurologist,Male,2024-12-18,02:14:47,23:07:19,SCHEDULED,2025-01-01,2025-01-07
3,Female,Neurologist,Male,2023-04-09,05:08:32,10:05:52,CANCELLED,2025-01-10,2025-01-03
3,Female,Neurologist,Male,2024-05-15,19:43:40,20:31:41,COMPLETED,2025-01-20,2025-01-12
5,Female,Dermatologist,Male,2024-04-09,03:46:45,10:18:53,COMPLETED,2025-01-18,2025-01-20
5,Female,Dermatologist,Male,2021-12-23,08:57:53,11:33:03,CANCELLED,2025-01-16,2025-01-21
5,Female,Dermatologist,Female,2021-11-10,21:06:43,22:33:20,SCHEDULED,2025-01-21,2025-01-08
2,Female,Neurologist,Male,2020-04-27,14:58:19,19:41:43,COMPLETED,2025-01-07,2025-01-11
1,Female,Neurologist,Female,2022-10-25,09:22:47,09:49:24,SCHEDULED,2025-01-05,2025-01-10
1,Female,Neurologist,Male,2024-07-22,08:40:07,10:55:47,COMPLETED,2025-01-08,2025-01-26
4,Male,Cardiologist,Female,2020-05-27,06:26:10,18:03:05,SCHEDULED,2025-01-03,2025-01-20
2,Female,Neurologist,Male,2021-12-05,18:41:25,20:42:42,SCHEDULED,2025-01-17,2025-01-09
4,Male,Cardiologist,Male,2024-11-02,18:00:14,21:19:15,COMPLETED,2025-01-26,2025-01-03
2,Female,Neurologist,Male,2021-04-19,06:32:21,16:15:51,CANCELLED,2025-01-09,2025-01-19
4,Male,Cardiologist,Male,2022-06-20,07:10:52,15:11:14,SCHEDULED,2025-01-21,2025-01-24
1,Female,Neurologist,Male,2022-02-04,00:33:25,16:02:19,SCHEDULED,2025-01-03,2025-01-12
2,Female,Neurologist,Female,2021-05-01,16:23:16,19:26:23,CANCELLED,2025-01-03,2025-01-20
5,Female,Dermatologist,Female,2020-02-08,15:09:27,17:10:07,CANCELLED,2025-01-01,2025-01-03
1,Female,Neurologist,Male,2024-01-12,03:46:24,12:01:49,CANCELLED,2025-01-05,2025-01-21
3,Female,Neurologist,Male,2022-10-14,11:15:29,21:01:13,COMPLETED,2025-01-13,2025-01-15
3,Female,Neurologist,Male,2021-12-31,00:47:43,19:36:44,COMPLETED,2025-01-09,2025-01-03
4,Male,Cardiologist,Female,2020-07-28,17:26:37,19:17:34,CANCELLED,2025-01-20,2025-01-01
2,Female,Neurologist,Female,2023-05-16,03:31:19,12:01:47,COMPLETED,2025-01-23,2025-01-16
1,Female,Neurologist,Female,2021-10-31,02:03:19,13:58:58,SCHEDULED,2025-01-02,2025-01-26
5,Female,Dermatologist,Female,2020-04-20,08:53:47,19:43:02,COMPLETED,2025-01-21,2025-01-14
2,Female,Neurologist,Male,2022-02-10,03:57:11,14:00:43,SCHEDULED,2025-01-16,2025-01-06
4,Male,Cardiologist,Male,2022-03-21,01:40:59,16:09:08,SCHEDULED,2025-01-25,2025-01-17
1,Female,Neurologist,Female,2022-02-09,09:23:18,21:58:50,SCHEDULED,2025-01-22,2025-01-21
2,Female,Neurologist,Male,2024-11-05,02:18:02,11:23:16,COMPLETED,2025-01-10,2025-01-14
2,Female,Neurologist,Male,2022-09-06,02:51:51,15:06:43,COMPLETED,2025-01-17,2025-01-24
5,Female,Dermatologist,Male,2021-05-20,02:45:06,06:57:55,COMPLETED,2025-01-11,2025-01-18
5,Female,Dermatologist,Female,2022-12-29,01:27:36,04:05:19,SCHEDULED,2025-01-21,2025-01-25
1,Female,Neurologist,Female,2021-12-27,00:38:10,18:14:53,COMPLETED,2025-01-12,2025-01-03
4,Male,Cardiologist,Female,2022-06-08,05:35:03,15:02:15,COMPLETED,2025-01-17,2025-01-07
1,Female,Neurologist,Male,2022-12-09,03:03:49,13:34:59,CANCELLED,2025-01-02,2025-01-23
1,Female,Neurologist,Male,2025-01-08,06:12:41,23:23:52,SCHEDULED,2025-01-08,2025-01-05
4,Male,Cardiologist,Male,2020-06-19,01:32:29,16:29:45,COMPLETED,2025-01-22,2025-01-10
4,Male,Cardiologist,Female,2021-07-17,06:20:31,07:56:33,COMPLETED,2025-01-17,2025-01-21
1,Female,Neurologist,Female,2020-08-09,02:29:10,10:05:35,COMPLETED,2025-01-05,2025-01-12
5,Female,Dermatologist,Female,2023-02-17,03:47:51,12:10:06,SCHEDULED,2025-01-24,2025-01-26
2,Female,Neurologist,Female,2023-04-11,10:52:32,23:48:35,CANCELLED,2025-01-08,2025-01-07
5,Female,Dermatologist,Female,2022-11-24,04:49:14,21:20:38,COMPLETED,2025-01-19,2025-01-15
3,Female,Neurologist,Female,2020-09-24,10:02:45,13:31:55,COMPLETED,2025-01-10,2025-01-11
4,Male,Cardiologist,Female,2021-07-27,17:47:23,19:43:00,SCHEDULED,2025-01-23,2025-01-14
3,Female,Neurologist,Female,2020-12-26,21:35:46,21:59:44,COMPLETED,2025-01-08,2025-01-12
1,Female,Neurologist,Male,2021-12-28,05:38:21,18:25:02,CANCELLED,2025-01-26,2025-01-10
1,Female,Neurologist,Male,2022-09-20,14:22:00,17:47:06,COMPLETED,2025-01-03,2025-01-01
1,Female,Neurologist,Male,2023-10-17,05:17:37,16:34:38,COMPLETED,2025-01-09,2025-01-26
3,Female,Neurologist,Female,2023-08-10,08:51:54,17:27:22,CANCELLED,2025-01-06,2025-01-21
1,Female,Neurologist,Male,2023-07-21,07:09:06,20:10:51,CANCELLED,2025-01-25,2025-01-16
3,Female,Neurologist,Male,2022-10-25,00:31:52,12:51:18,CANCELLED,2025-01-12,2025-01-23
3,Female,Neurologist,Female,2020-02-27,03:01:03,07:45:31,COMPLETED,2025-01-23,2025-01-25
2,Female,Neurologist,Male,2024-12-24,14:46:34,15:54:09,CANCELLED,2025-01-20,2025-01-21
3,Female,Neurologist,Male,2020-02-06,13:24:22,15:49:31,CANCELLED,2025-01-13,2025-01-03
4,Male,Cardiologist,Female,2023-12-20,18:45:22,23:30:35,SCHEDULED,2025-01-17,2025-01-21
1,Female,Neurologist,Female,2022-09-23,08:23:49,14:09:16,COMPLETED,2025-01-21,2025-01-12
4,Male,Cardiologist,Female,2022-09-19,00:17:32,01:13:55,CANCELLED,2025-01-22,2025-01-13
2,Female,Neurologist,Male,2024-01-29,16:23:57,21:05:18,CANCELLED,2025-01-06,2025-01-02
4,Male,Cardiologist,Male,2021-07-10,03:03:58,17:01:38,CANCELLED,2025-01-14,2025-01-06
5,Female,Dermatologist,Female,2021-03-19,03:01:25,08:07:58,CANCELLED,2025-01-03,2025-01-10
5,Female,Dermatologist,Female,2024-04-11,06:25:26,15:08:45,COMPLETED,2025-01-20,2025-01-20
5,Female,Dermatologist,Female,2022-07-18,01:26:57,10:58:50,SCHEDULED,2025-01-10,2025-01-20
5,Female,Dermatologist,Male,2023-09-15,02:58:45,12:38:51,SCHEDULED,2025-01-23,2025-01-09
3,Female,Neurologist,Female,2022-11-16,19:12:41,22:02:16,CANCELLED,2025-01-18,2025-01-03
2,Female,Neurologist,Male,2024-07-20,05:00:15,16:07:42,COMPLETED,2025-01-12,2025-01-08
2,Female,Neurologist,Male,2021-08-07,10:42:10,23:47:42,CANCELLED,2025-01-10,2025-01-11
3,Female,Neurologist,Male,2024-10-06,00:20:54,22:19:07,SCHEDULED,2025-01-10,2025-01-23
3,Female,Neurologist,Male,2021-10-14,19:53:42,20:55:53,CANCELLED,2025-01-06,2025-01-20
3,Female,Neurologist,Male,2021-02-05,01:51:02,16:28:11,SCHEDULED,2025-01-03,2025-01-20
4,Male,Cardiologist,Female,2024-06-26,05:14:54,18:22:42,SCHEDULED,2025-01-17,2025-01-07
1,Female,Neurologist,Female,2022-05-02,03:12:27,03:51:00,COMPLETED,2025-01-12,2025-01-07
2,Female,Neurologist,Male,2022-10-09,02:44:36,14:52:08,SCHEDULED,2025-01-20,2025-01-17
4,Male,Cardiologist,Female,2020-06-10,12:41:25,14:52:32,SCHEDULED,2025-01-01,2025-01-16
3,Female,Neurologist,Female,2024-05-30,12:32:02,17:26:57,CANCELLED,2025-01-26,2025-01-26
4,Male,Cardiologist,Female,2022-04-20,21:39:13,22:46:20,CANCELLED,2025-01-20,2025-01-15
5,Female,Dermatologist,Female,2024-07-10,05:25:19,13:32:54,SCHEDULED,2025-01-04,2025-01-18
2,Female,Neurologist,Female,2020-04-06,03:46:12,21:19:50,COMPLETED,2025-01-05,2025-01-21
4,Male,Cardiologist,Female,2020-04-06,00:55:14,04:49:51,CANCELLED,2025-01-20,2025-01-09
4,Male,Cardiologist,Male,2020-08-20,14:08:55,20:44:23,CANCELLED,2025-01-02,2025-01-17
2,Female,Neurologist,Female,2023-05-04,02:00:07,08:21:10,COMPLETED,2025-01-23,2025-01-16
2,Female,Neurologist,Female,2021-09-06,11:51:00,19:26:20,CANCELLED,2025-01-26,2025-01-06
1,Female,Neurologist,Female,2021-05-12,02:45:44,21:33:03,CANCELLED,2025-01-12,2025-01-07
4,Male,Cardiologist,Male,2023-09-22,04:12:15,18:21:00,CANCELLED,2025-01-21,2025-01-04
2,Female,Neurologist,Female,2024-08-15,03:46:24,21:09:14,CANCELLED,2025-01-20,2025-01-18
5,Female,Dermatologist,Female,2021-05-20,02:38:31,11:04:54,CANCELLED,2025-01-22,2025-01-12
4,Male,Cardiologist,Female,2020-04-01,02:06:37,04:48:07,COMPLETED,2025-01-12,2025-01-04
3,Female,Neurologist,Female,2022-12-29,02:11:20,06:50:22,CANCELLED,2025-01-19,2025-01-07
1,Female,Neurologist,Female,2022-04-06,13:33:26,18:42:47,COMPLETED,2025-01-05,2025-01-15
1,Female,Neurologist,Male,2021-05-15,11:21:00,18:36:55,COMPLETED,2025-01-13,2025-01-21
4,Male,Cardiologist,Female,2023-06-16,11:40:25,16:46:00,CANCELLED,2025-01-03,2025-01-03
4,Male,Cardiologist,Male,2020-10-24,11:54:25,21:24:03,SCHEDULED,2025-01-07,2025-01-03
4,Male,Cardiologist,Female,2022-08-28,13:12:36,13:53:58,SCHEDULED,2025-01-17,2025-01-09
3,Female,Neurologist,Male,2023-07-24,02:01:19,19:41:59,SCHEDULED,2025-01-18,2025-01-07
3,Female,Neurologist,Female,2024-07-16,03:40:29,12:27:37,SCHEDULED,2025-01-18,2025-01-21
2,Female,Neurologist,Male,2022-01-02,17:46:26,21:28:27,CANCELLED,2025-01-09,2025-01-05
5,Female,Dermatologist,Male,2021-01-25,02:20:07,08:24:34,SCHEDULED,2025-01-24,2025-01-14
1,Female,Neurologist,Male,2021-08-11,06:39:11,16:45:34,CANCELLED,2025-01-17,2025-01-05
1,Female,Neurologist,Female,2024-01-05,16:24:13,19:18:18,SCHEDULED,2025-01-02,2025-01-10
4,Male,Cardiologist,Female,2021-10-22,15:40:24,16:28:26,CANCELLED,2025-01-02,2025-01-04
2,Female,Neurologist,Male,2024-04-22,18:04:46,20:31:18,CANCELLED,2025-01-25,2025-01-15
4,Male,Cardiologist,Female,2023-09-21,05:19:35,17:54:57,SCHEDULED,2025-01-17,2025-01-08
1,Female,Neurologist,Male,2024-07-08,02:59:28,08:00:44,SCHEDULED,2025-01-21,2025-01-06
3,Female,Neurologist,Male,2021-11-26,05:26:45,20:24:18,SCHEDULED,2025-01-16,2025-01-15
1,Female,Neurologist,Male,2024-01-05,01:01:20,16:15:49,CANCELLED,2025-01-21,2025-01-11
1,Female,Neurologist,Male,2020-10-04,08:03:42,12:48:12,SCHEDULED,2025-01-12,2025-01-04
1,Female,Neurologist,Female,2023-11-16,07:14:14,09:14:33,COMPLETED,2025-01-26,2025-01-10
3,Female,Neurologist,Male,2022-02-09,01:38:43,05:05:36,COMPLETED,2025-01-08,2025-01-11
3,Female,Neurologist,Male,2024-05-11,09:20:31,19:11:02,SCHEDULED,2025-01-23,2025-01-14
3,Female,Neurologist,Male,2023-09-04,06:19:31,19:56:18,SCHEDULED,2025-01-10,2025-01-21
1,Female,Neurologist,Male,2020-07-09,11:13:10,11:37:22,CANCELLED,2025-01-11,2025-01-15
3,Female,Neurologist,Male,2024-11-14,01:27:21,23:27:45,SCHEDULED,2025-01-16,2025-01-16
5,Female,Dermatologist,Male,2024-05-07,06:40:25,21:43:34,COMPLETED,2025-01-04,2025-01-15
2,Female,Neurologist,Male,2020-11-26,16:16:11,20:10:16,SCHEDULED,2025-01-23,2025-01-21
1,Female,Neurologist,Female,2021-04-28,05:12:10,23:11:09,SCHEDULED,2025-01-11,2025-01-07
2,Female,Neurologist,Male,2022-09-22,12:20:46,21:59:10,COMPLETED,2025-01-20,2025-01-10
4,Male,Cardiologist,Female,2020-04-25,11:14:46,15:14:40,CANCELLED,2025-01-14,2025-01-06
1,Female,Neurologist,Female,2024-11-02,19:07:12,22:19:13,COMPLETED,2025-01-02,2025-01-02
2,Female,Neurologist,Male,2022-04-28,10:25:29,10:57:43,CANCELLED,2025-01-12,2025-01-10
5,Female,Dermatologist,Female,2020-08-07,20:38:43,22:53:41,SCHEDULED,2025-01-20,2025-01-19
4,Male,Cardiologist,Male,2022-02-11,05:27:48,23:00:32,CANCELLED,2025-01-17,2025-01-22
2,Female,Neurologist,Male,2021-05-28,01:51:38,05:11:57,COMPLETED,2025-01-23,2025-01-04
1,Female,Neurologist,Male,2021-07-21,03:01:05,10:08:10,SCHEDULED,2025-01-22,2025-01-08
1,Female,Neurologist,Female,2023-09-08,15:31:53,18:30:36,CANCELLED,2025-01-21,2025-01-11
1,Female,Neurologist,Female,2022-08-01,15:13:14,15:58:50,CANCELLED,2025-01-08,2025-01-16
5,Female,Dermatologist,Male,2020-11-08,12:02:00,17:17:59,SCHEDULED,2025-01-03,2025-01-20
3,Female,Neurologist,Female,2024-02-21,07:30:41,10:51:02,COMPLETED,2025-01-24,2025-01-24
4,Male,Cardiologist,Male,2021-11-27,03:26:02,14:00:05,CANCELLED,2025-01-25,2025-01-07
3,Female,Neurologist,Female,2024-11-14,02:12:18,15:35:33,SCHEDULED,2025-01-26,2025-01-04
4,Male,Cardiologist,Female,2022-04-29,03:25:07,07:57:28,COMPLETED,2025-01-25,2025-01-11
2,Female,Neurologist,Female,2023-10-15,03:53:15,20:25:53,SCHEDULED,2025-01-14,2025-01-04
1,Female,Neurologist,Female,2024-09-16,07:01:56,14:21:05,COMPLETED,2025-01-05,2025-01-10
5,Female,Dermatologist,Male,2020-01-25,02:19:33,21:50:58,COMPLETED,2025-01-21,2025-01-04
2,Female,Neurologist,Male,2022-12-25,09:16:31,14:48:43,COMPLETED,2025-01-12,2025-01-21
1,Female,Neurologist,Male,2025-01-13,11:15:46,16:41:47,COMPLETED,2025-01-24,2025-01-14
1,Female,Neurologist,Male,2024-10-25,04:02:37,04:21:05,CANCELLED,2025-01-19,2025-01-24
5,Female,Dermatologist,Female,2021-06-04,13:42:54,23:52:57,SCHEDULED,2025-01-14,2025-01-11
4,Male,Cardiologist,Female,2024-11-08,02:19:50,20:44:39,COMPLETED,2025-01-25,2025-01-24
5,Female,Dermatologist,Male,2020-08-31,12:58:31,17:29:25,SCHEDULED,2025-01-05,2025-01-11
3,Female,Neurologist,Male,2021-12-12,00:18:59,10:19:09,SCHEDULED,2025-01-15,2025-01-07
4,Male,Cardiologist,Male,2024-11-01,08:36:49,10:18:38,COMPLETED,2025-01-04,2025-01-09
3,Female,Neurologist,Male,2023-08-13,21:59:39,23:18:15,SCHEDULED,2025-01-06,2025-01-23
4,Male,Cardiologist,Female,2024-10-15,12:32:10,14:47:19,CANCELLED,2025-01-10,2025-01-01
4,Male,Cardiologist,Male,2020-05-06,14:50:23,22:20:19,CANCELLED,2025-01-15,2025-01-05
1,Female,Neurologist,Female,2021-10-21,14:28:17,16:28:28,COMPLETED,2025-01-18,2025-01-06
3,Female,Neurologist,Female,2024-10-27,04:21:24,18:58:01,COMPLETED,2025-01-25,2025-01-19
3,Female,Neurologist,Female,2023-03-09,04:30:11,19:16:16,CANCELLED,2025-01-02,2025-01-02
3,Female,Neurologist,Male,2021-04-12,00:19:26,00:19:30,SCHEDULED,2025-01-18,2025-01-12
4,Male,Cardiologist,Female,2024-03-31,11:24:11,20:42:11,CANCELLED,2025-01-05,2025-01-05
5,Female,Dermatologist,Male,2022-12-11,20:07:38,21:25:30,CANCELLED,2025-01-07,2025-01-05
1,Female,Neurologist,Female,2023-12-15,00:11:11,06:41:49,CANCELLED,2025-01-23,2025-01-14
1,Female,Neurologist,Female,2024-08-24,14:11:24,21:36:36,SCHEDULED,2025-01-12,2025-01-07
1,Female,Neurologist,Male,2022-10-02,10:17:09,18:47:00,COMPLETED,2025-01-12,2025-01-22
4,Male,Cardiologist,Female,2024-12-23,05:55:40,09:04:51,COMPLETED,2025-01-16,2025-01-26
4,Male,Cardiologist,Male,2023-09-02,16:33:20,23:39:09,SCHEDULED,2025-01-11,2025-01-07
1,Female,Neurologist,Female,2024-03-22,05:01:01,21:33:31,CANCELLED,2025-01-05,2025-01-21
3,Female,Neurologist,Female,2021-06-30,16:26:26,21:33:24,COMPLETED,2025-01-20,2025-01-11
4,Male,Cardiologist,Female,2024-03-24,16:58:55,20:46:00,SCHEDULED,2025-01-13,2025-01-14
4,Male,Cardiologist,Female,2022-08-15,18:11:46,20:12:51,COMPLETED,2025-01-03,2025-01-06
5,Female,Dermatologist,Female,2020-08-20,01:43:04,07:36:39,CANCELLED,2025-01-03,2025-01-26
3,Female,Neurologist,Male,2023-12-19,03:19:38,10:57:08,CANCELLED,2025-01-14,2025-01-21
1,Female,Neurologist,Male,2020-06-24,04:33:04,21:51:41,COMPLETED,2025-01-11,2025-01-25
1,Female,Neurologist,Female,2024-09-24,01:46:03,11:16:06,CANCELLED,2025-01-19,2025-01-07
3,Female,Neurologist,Female,2021-02-24,11:56:41,17:43:12,COMPLETED,2025-01-22,2025-01-12
4,Male,Cardiologist,Male,2024-07-19,10:37:31,18:35:46,COMPLETED,2025-01-08,2025-01-12
5,Female,Dermatologist,Female,2021-04-22,11:13:37,14:53:28,COMPLETED,2025-01-10,2025-01-01
2,Female,Neurologist,Male,2024-02-17,02:51:29,06:48:51,COMPLETED,2025-01-21,2025-01-14
1,Female,Neurologist,Male,2022-09-04,18:33:41,23:03:07,COMPLETED,2025-01-15,2025-01-24
3,Female,Neurologist,Female,2023-02-02,08:18:18,21:21:01,SCHEDULED,2025-01-26,2025-01-11
5,Female,Dermatologist,Male,2022-10-03,09:12:18,17:59:28,COMPLETED,2025-01-06,2025-01-08
5,Female,Dermatologist,Male,2022-09-03,02:55:31,15:24:44,SCHEDULED,2025-01-23,2025-01-23
4,Male,Cardiologist,Female,2022-03-22,20:03:49,22:35:45,SCHEDULED,2025-01-19,2025-01-06
3,Female,Neurologist,Male,2022-10-28,17:28:36,22:06:26,CANCELLED,2025-01-19,2025-01-21
2,Female,Neurologist,Male,2021-05-24,11:34:49,14:36:16,COMPLETED,2025-01-19,2025-01-15
2,Female,Neurologist,Male,2021-05-12,10:36:10,23:28:56,COMPLETED,2025-01-17,2025-01-01
5,Female,Dermatologist,Male,2022-12-20,08:20:06,22:03:05,SCHEDULED,2025-01-14,2025-01-12
2,Female,Neurologist,Male,2022-10-19,03:49:51,16:06:28,SCHEDULED,2025-01-09,2025-01-08
1,Female,Neurologist,Male,2020-10-04,01:04:07,08:56:27,CANCELLED,2025-01-17,2025-01-22
2,Female,Neurologist,Female,2024-06-25,04:15:08,09:43:24,SCHEDULED,2025-01-01,2025-01-08
5,Female,Dermatologist,Male,2020-11-13,05:00:31,05:03:04,COMPLETED,2025-01-21,2025-01-05
3,Female,Neurologist,Female,2021-09-02,04:43:10,07:51:50,COMPLETED,2025-01-05,2025-01-07
2,Female,Neurologist,Male,2025-01-17,03:18:52,22:24:59,SCHEDULED,2025-01-24,2025-01-20
4,Male,Cardiologist,Female,2022-01-26,15:59:07,22:21:16,COMPLETED,2025-01-10,2025-01-05
1,Female,Neurologist,Female,2021-12-26,01:05:58,05:08:13,SCHEDULED,2025-01-16,2025-01-22
5,Female,Dermatologist,Male,2023-08-24,16:11:30,23:23:06,COMPLETED,2025-01-04,2025-01-23
5,Female,Dermatologist,Male,2020-08-16,11:16:24,14:38:21,CANCELLED,2025-01-20,2025-01-13
4,Male,Cardiologist,Male,2022-07-22,18:10:43,18:13:52,COMPLETED,2025-01-22,2025-01-05
4,Male,Cardiologist,Male,2022-06-01,07:45:49,20:41:28,COMPLETED,2025-01-22,2025-01-07
5,Female,Dermatologist,Male,2024-11-18,00:08:18,03:02:34,COMPLETED,2025-01-22,2025-01-14
2,Female,Neurologist,Female,2021-10-21,01:13:09,14:39:32,CANCELLED,2025-01-15,2025-01-10
5,Female,Dermatologist,Male,2021-08-15,13:30:43,23:40:41,COMPLETED,2025-01-18,2025-01-06
5,Female,Dermatologist,Female,2022-07-20,13:54:45,18:17:41,SCHEDULED,2025-01-10,2025-01-11
2,Female,Neurologist,Female,2020-10-05,17:21:32,21:00:59,CANCELLED,2025-01-19,2025-01-26
1,Female,Neurologist,Female,2020-06-18,14:13:28,22:05:24,SCHEDULED,2025-01-13,2025-01-11
3,Female,Neurologist,Male,2021-08-09,08:02:59,08:55:49,COMPLETED,2025-01-16,2025-01-22
1,Female,Neurologist,Male,2020-07-14,01:43:38,04:47:07,COMPLETED,2025-01-07,2025-01-09
2,Female,Neurologist,Male,2022-06-03,14:57:27,22:44:27,SCHEDULED,2025-01-16,2025-01-24
3,Female,Neurologist,Female,2022-06-23,08:33:41,22:29:46,CANCELLED,2025-01-14,2025-01-16



